fps_value,total_trips,avg_trip_time,total_system_travel_time,total_subsidy_used,percentage_used,low_trip_count,middle_trip_count,high_trip_count,seed,source_path
3500.0,387,21.242894056847547,8221.0,3224.043136085103,92.1155181738601,169,114,104,0,/home/z5247491/MaaS-Simulation/MaaS-Centralised/Total_system_travel_time_seed_opt_runs/opt_seed_array_7514748[0].kman.restech.unsw.edu.au/seed_0/trip_summary_by_fps.csv
3500.0,370,22.183783783783785,8208.0,3444.817183738064,98.42334810680184,187,86,97,1,/home/z5247491/MaaS-Simulation/MaaS-Centralised/Total_system_travel_time_seed_opt_runs/opt_seed_array_7514748[1].kman.restech.unsw.edu.au/seed_1/trip_summary_by_fps.csv
3500.0,391,20.21994884910486,7906.0,3325.03997109059,95.00114203115972,154,113,124,2,/home/z5247491/MaaS-Simulation/MaaS-Centralised/Total_system_travel_time_seed_opt_runs/opt_seed_array_7514748[2].kman.restech.unsw.edu.au/seed_2/trip_summary_by_fps.csv
3500.0,374,21.82085561497326,8161.0,3500.0,100.0,165,105,104,3,/home/z5247491/MaaS-Simulation/MaaS-Centralised/Total_system_travel_time_seed_opt_runs/opt_seed_array_7514748[3].kman.restech.unsw.edu.au/seed_3/trip_summary_by_fps.csv
3500.0,393,18.572519083969464,7299.0,2587.857009641629,73.93877170404654,139,137,117,4,/home/z5247491/MaaS-Simulation/MaaS-Centralised/Total_system_travel_time_seed_opt_runs/opt_seed_array_7514748[4].kman.restech.unsw.edu.au/seed_4/trip_summary_by_fps.csv
3500.0,374,20.16577540106952,7542.0,3022.244375142724,86.3498392897921,146,140,88,5,/home/z5247491/MaaS-Simulation/MaaS-Centralised/Total_system_travel_time_seed_opt_runs/opt_seed_array_7514748[5].kman.restech.unsw.edu.au/seed_5/trip_summary_by_fps.csv
3500.0,364,20.63736263736264,7512.0,3377.583078571702,96.5023736734772,156,106,102,6,/home/z5247491/MaaS-Simulation/MaaS-Centralised/Total_system_travel_time_seed_opt_runs/opt_seed_array_7514748[6].kman.restech.unsw.edu.au/seed_6/trip_summary_by_fps.csv
3500.0,387,20.294573643410853,7854.0,3500.0,100.0,134,125,128,7,/home/z5247491/MaaS-Simulation/MaaS-Centralised/Total_system_travel_time_seed_opt_runs/opt_seed_array_7514748[7].kman.restech.unsw.edu.au/seed_7/trip_summary_by_fps.csv
3500.0,379,20.98944591029024,7955.0,3500.0,100.0,151,130,98,8,/home/z5247491/MaaS-Simulation/MaaS-Centralised/Total_system_travel_time_seed_opt_runs/opt_seed_array_7514748[8].kman.restech.unsw.edu.au/seed_8/trip_summary_by_fps.csv
3500.0,379,21.30079155672823,8073.0,2304.323699457133,65.83781998448951,160,130,89,9,/home/z5247491/MaaS-Simulation/MaaS-Centralised/Total_system_travel_time_seed_opt_runs/opt_seed_array_7514748[9].kman.restech.unsw.edu.au/seed_9/trip_summary_by_fps.csv
3500.0,373,21.549597855227884,8038.0,3445.2941794469884,98.43697655562823,149,108,116,10,/home/z5247491/MaaS-Simulation/MaaS-Centralised/Total_system_travel_time_seed_opt_runs/opt_seed_array_7514748[10].kman.restech.unsw.edu.au/seed_10/trip_summary_by_fps.csv
3500.0,380,20.339473684210525,7729.0,3500.0,100.0,156,131,93,11,/home/z5247491/MaaS-Simulation/MaaS-Centralised/Total_system_travel_time_seed_opt_runs/opt_seed_array_7514748[11].kman.restech.unsw.edu.au/seed_11/trip_summary_by_fps.csv
3500.0,362,23.96685082872928,8676.0,2989.4335995166016,85.41238855761719,150,121,91,12,/home/z5247491/MaaS-Simulation/MaaS-Centralised/Total_system_travel_time_seed_opt_runs/opt_seed_array_7514748[12].kman.restech.unsw.edu.au/seed_12/trip_summary_by_fps.csv
3500.0,368,22.44836956521739,8261.0,2620.5236095824766,74.8721031309279,151,96,121,13,/home/z5247491/MaaS-Simulation/MaaS-Centralised/Total_system_travel_time_seed_opt_runs/opt_seed_array_7514748[13].kman.restech.unsw.edu.au/seed_13/trip_summary_by_fps.csv
3500.0,370,22.967567567567567,8498.0,3275.8477431267065,93.5956498036202,155,115,100,14,/home/z5247491/MaaS-Simulation/MaaS-Centralised/Total_system_travel_time_seed_opt_runs/opt_seed_array_7514748[14].kman.restech.unsw.edu.au/seed_14/trip_summary_by_fps.csv
3500.0,364,18.167582417582416,6613.0,3078.609152914696,87.96026151184844,169,114,81,15,/home/z5247491/MaaS-Simulation/MaaS-Centralised/Total_system_travel_time_seed_opt_runs/opt_seed_array_7514748[15].kman.restech.unsw.edu.au/seed_15/trip_summary_by_fps.csv
3500.0,389,18.688946015424165,7270.0,2805.2650003854023,80.15042858244007,173,96,120,16,/home/z5247491/MaaS-Simulation/MaaS-Centralised/Total_system_travel_time_seed_opt_runs/opt_seed_array_7514748[16].kman.restech.unsw.edu.au/seed_16/trip_summary_by_fps.csv
3500.0,367,20.67029972752044,7586.0,3213.1150456294195,91.80328701798342,165,101,101,17,/home/z5247491/MaaS-Simulation/MaaS-Centralised/Total_system_travel_time_seed_opt_runs/opt_seed_array_7514748[17].kman.restech.unsw.edu.au/seed_17/trip_summary_by_fps.csv
3500.0,367,19.779291553133515,7259.0,3500.0,100.0,155,123,89,18,/home/z5247491/MaaS-Simulation/MaaS-Centralised/Total_system_travel_time_seed_opt_runs/opt_seed_array_7514748[18].kman.restech.unsw.edu.au/seed_18/trip_summary_by_fps.csv
3500.0,391,19.63682864450128,7678.0,3500.0,100.0,175,125,91,19,/home/z5247491/MaaS-Simulation/MaaS-Centralised/Total_system_travel_time_seed_opt_runs/opt_seed_array_7514748[19].kman.restech.unsw.edu.au/seed_19/trip_summary_by_fps.csv
3500.0,400,17.8525,7141.0,3356.5116800642663,95.9003337161219,176,119,105,20,/home/z5247491/MaaS-Simulation/MaaS-Centralised/Total_system_travel_time_seed_opt_runs/opt_seed_array_7514748[20].kman.restech.unsw.edu.au/seed_20/trip_summary_by_fps.csv
3500.0,375,21.856,8196.0,3447.463848365573,98.49896709615923,147,143,85,21,/home/z5247491/MaaS-Simulation/MaaS-Centralised/Total_system_travel_time_seed_opt_runs/opt_seed_array_7514748[21].kman.restech.unsw.edu.au/seed_21/trip_summary_by_fps.csv
3500.0,376,22.675531914893615,8526.0,2188.057635135959,62.515932432455976,142,140,94,22,/home/z5247491/MaaS-Simulation/MaaS-Centralised/Total_system_travel_time_seed_opt_runs/opt_seed_array_7514748[22].kman.restech.unsw.edu.au/seed_22/trip_summary_by_fps.csv
3500.0,389,19.44987146529563,7566.0,3466.1944695335737,99.03412770095925,158,145,86,23,/home/z5247491/MaaS-Simulation/MaaS-Centralised/Total_system_travel_time_seed_opt_runs/opt_seed_array_7514748[23].kman.restech.unsw.edu.au/seed_23/trip_summary_by_fps.csv
3500.0,379,21.229551451187334,8046.0,3500.0,100.0,180,95,104,24,/home/z5247491/MaaS-Simulation/MaaS-Centralised/Total_system_travel_time_seed_opt_runs/opt_seed_array_7518300[24].kman.restech.unsw.edu.au/seed_24/trip_summary_by_fps.csv
3500.0,378,21.11640211640212,7982.0,3500.0,100.0,142,115,121,25,/home/z5247491/MaaS-Simulation/MaaS-Centralised/Total_system_travel_time_seed_opt_runs/opt_seed_array_7518300[25].kman.restech.unsw.edu.au/seed_25/trip_summary_by_fps.csv
3500.0,376,22.93882978723404,8625.0,3500.0,100.0,137,105,134,26,/home/z5247491/MaaS-Simulation/MaaS-Centralised/Total_system_travel_time_seed_opt_runs/opt_seed_array_7518300[26].kman.restech.unsw.edu.au/seed_26/trip_summary_by_fps.csv
3500.0,362,20.38950276243094,7381.0,3397.539364448216,97.072553269949,162,95,105,27,/home/z5247491/MaaS-Simulation/MaaS-Centralised/Total_system_travel_time_seed_opt_runs/opt_seed_array_7514748[27].kman.restech.unsw.edu.au/seed_27/trip_summary_by_fps.csv
3500.0,364,21.53021978021978,7837.0,3424.266461442462,97.83618461264176,155,129,80,28,/home/z5247491/MaaS-Simulation/MaaS-Centralised/Total_system_travel_time_seed_opt_runs/opt_seed_array_7514748[28].kman.restech.unsw.edu.au/seed_28/trip_summary_by_fps.csv
3500.0,393,19.201017811704837,7546.0,3500.0,100.0,167,107,119,29,/home/z5247491/MaaS-Simulation/MaaS-Centralised/Total_system_travel_time_seed_opt_runs/opt_seed_array_7514748[29].kman.restech.unsw.edu.au/seed_29/trip_summary_by_fps.csv
4500.0,370,22.183783783783785,8208.0,3444.817183738064,76.55149297195697,187,86,97,0,/home/z5247491/MaaS-Simulation/MaaS-Centralised/Total_system_travel_time_seed_opt_runs/opt_seed_array_7514748[0].kman.restech.unsw.edu.au/seed_0/trip_summary_by_fps.csv
4500.0,391,20.21994884910486,7906.0,3325.03997109059,73.88977713534645,154,113,124,1,/home/z5247491/MaaS-Simulation/MaaS-Centralised/Total_system_travel_time_seed_opt_runs/opt_seed_array_7514748[1].kman.restech.unsw.edu.au/seed_1/trip_summary_by_fps.csv
4500.0,371,20.951482479784367,7773.0,3623.006985895706,80.51126635323791,164,104,103,2,/home/z5247491/MaaS-Simulation/MaaS-Centralised/Total_system_travel_time_seed_opt_runs/opt_seed_array_7514748[2].kman.restech.unsw.edu.au/seed_2/trip_summary_by_fps.csv
4500.0,393,18.572519083969464,7299.0,2587.857009641629,57.50793354759176,139,137,117,3,/home/z5247491/MaaS-Simulation/MaaS-Centralised/Total_system_travel_time_seed_opt_runs/opt_seed_array_7514748[3].kman.restech.unsw.edu.au/seed_3/trip_summary_by_fps.csv
4500.0,374,20.16577540106952,7542.0,3022.244375142724,67.16098611428275,146,140,88,4,/home/z5247491/MaaS-Simulation/MaaS-Centralised/Total_system_travel_time_seed_opt_runs/opt_seed_array_7514748[4].kman.restech.unsw.edu.au/seed_4/trip_summary_by_fps.csv
4500.0,364,20.63736263736264,7512.0,3377.583078571702,75.05740174603783,156,106,102,5,/home/z5247491/MaaS-Simulation/MaaS-Centralised/Total_system_travel_time_seed_opt_runs/opt_seed_array_7514748[5].kman.restech.unsw.edu.au/seed_5/trip_summary_by_fps.csv
4500.0,387,19.906976744186046,7704.0,3644.305400231912,80.98456444959804,134,125,128,6,/home/z5247491/MaaS-Simulation/MaaS-Centralised/Total_system_travel_time_seed_opt_runs/opt_seed_array_7514748[6].kman.restech.unsw.edu.au/seed_6/trip_summary_by_fps.csv
4500.0,403,18.83870967741936,7592.0,4500.0,100.0,176,120,107,7,/home/z5247491/MaaS-Simulation/MaaS-Centralised/Total_system_travel_time_seed_opt_runs/opt_seed_array_7514748[7].kman.restech.unsw.edu.au/seed_7/trip_summary_by_fps.csv
4500.0,379,21.30079155672823,8073.0,2304.323699457133,51.207193321269614,160,130,89,8,/home/z5247491/MaaS-Simulation/MaaS-Centralised/Total_system_travel_time_seed_opt_runs/opt_seed_array_7514748[8].kman.restech.unsw.edu.au/seed_8/trip_summary_by_fps.csv
4500.0,393,20.36386768447837,8003.0,4321.326819371022,96.0294848749116,182,128,83,9,/home/z5247491/MaaS-Simulation/MaaS-Centralised/Total_system_travel_time_seed_opt_runs/opt_seed_array_7514748[9].kman.restech.unsw.edu.au/seed_9/trip_summary_by_fps.csv
4500.0,384,19.0234375,7305.0,3984.962179506655,88.55471510014789,157,134,93,10,/home/z5247491/MaaS-Simulation/MaaS-Centralised/Total_system_travel_time_seed_opt_runs/opt_seed_array_7514748[10].kman.restech.unsw.edu.au/seed_10/trip_summary_by_fps.csv
4500.0,362,23.96685082872928,8676.0,2989.4335995166016,66.4318577670356,150,121,91,11,/home/z5247491/MaaS-Simulation/MaaS-Centralised/Total_system_travel_time_seed_opt_runs/opt_seed_array_7514748[11].kman.restech.unsw.edu.au/seed_11/trip_summary_by_fps.csv
4500.0,386,21.64507772020725,8355.0,4500.0,100.0,144,141,101,12,/home/z5247491/MaaS-Simulation/MaaS-Centralised/Total_system_travel_time_seed_opt_runs/opt_seed_array_7514748[12].kman.restech.unsw.edu.au/seed_12/trip_summary_by_fps.csv
4500.0,371,21.92722371967655,8135.0,4176.625076757468,92.8138905946104,170,130,71,13,/home/z5247491/MaaS-Simulation/MaaS-Centralised/Total_system_travel_time_seed_opt_runs/opt_seed_array_7514748[13].kman.restech.unsw.edu.au/seed_13/trip_summary_by_fps.csv
4500.0,364,18.167582417582416,6613.0,3078.609152914696,68.41353673143769,169,114,81,14,/home/z5247491/MaaS-Simulation/MaaS-Centralised/Total_system_travel_time_seed_opt_runs/opt_seed_array_7514748[14].kman.restech.unsw.edu.au/seed_14/trip_summary_by_fps.csv
4500.0,380,20.097368421052632,7637.0,4500.0,100.0,150,136,94,15,/home/z5247491/MaaS-Simulation/MaaS-Centralised/Total_system_travel_time_seed_opt_runs/opt_seed_array_7514748[15].kman.restech.unsw.edu.au/seed_15/trip_summary_by_fps.csv
4500.0,382,19.75130890052356,7545.0,4197.497093859087,93.2777131968686,184,102,96,16,/home/z5247491/MaaS-Simulation/MaaS-Centralised/Total_system_travel_time_seed_opt_runs/opt_seed_array_7514748[16].kman.restech.unsw.edu.au/seed_16/trip_summary_by_fps.csv
4500.0,367,19.42506811989101,7129.0,3573.1338606971035,79.40297468215786,155,123,89,17,/home/z5247491/MaaS-Simulation/MaaS-Centralised/Total_system_travel_time_seed_opt_runs/opt_seed_array_7514748[17].kman.restech.unsw.edu.au/seed_17/trip_summary_by_fps.csv
4500.0,391,19.46547314578005,7611.0,3576.7073879115783,79.48238639803508,175,125,91,18,/home/z5247491/MaaS-Simulation/MaaS-Centralised/Total_system_travel_time_seed_opt_runs/opt_seed_array_7514748[18].kman.restech.unsw.edu.au/seed_18/trip_summary_by_fps.csv
4500.0,400,17.8525,7141.0,3356.5116800642663,74.58914844587258,176,119,105,19,/home/z5247491/MaaS-Simulation/MaaS-Centralised/Total_system_travel_time_seed_opt_runs/opt_seed_array_7514748[19].kman.restech.unsw.edu.au/seed_19/trip_summary_by_fps.csv
4500.0,375,21.856,8196.0,3447.463848365573,76.61030774145718,147,143,85,20,/home/z5247491/MaaS-Simulation/MaaS-Centralised/Total_system_travel_time_seed_opt_runs/opt_seed_array_7514748[20].kman.restech.unsw.edu.au/seed_20/trip_summary_by_fps.csv
4500.0,380,20.57631578947369,7819.0,4500.0,100.0,174,146,60,21,/home/z5247491/MaaS-Simulation/MaaS-Centralised/Total_system_travel_time_seed_opt_runs/opt_seed_array_7514748[21].kman.restech.unsw.edu.au/seed_21/trip_summary_by_fps.csv
4500.0,389,19.44987146529563,7566.0,3466.1944695335737,77.02654376741275,158,145,86,22,/home/z5247491/MaaS-Simulation/MaaS-Centralised/Total_system_travel_time_seed_opt_runs/opt_seed_array_7514748[22].kman.restech.unsw.edu.au/seed_22/trip_summary_by_fps.csv
4500.0,379,20.203166226912927,7657.0,3860.760432055728,85.79467626790506,179,100,100,23,/home/z5247491/MaaS-Simulation/MaaS-Centralised/Total_system_travel_time_seed_opt_runs/opt_seed_array_7514748[23].kman.restech.unsw.edu.au/seed_23/trip_summary_by_fps.csv
4500.0,378,20.73015873015873,7836.0,3549.5216522652154,78.87825893922701,142,115,121,24,/home/z5247491/MaaS-Simulation/MaaS-Centralised/Total_system_travel_time_seed_opt_runs/opt_seed_array_7518300[24].kman.restech.unsw.edu.au/seed_24/trip_summary_by_fps.csv
4500.0,375,22.965333333333334,8612.0,4226.262301070251,93.91694002378335,139,149,87,25,/home/z5247491/MaaS-Simulation/MaaS-Centralised/Total_system_travel_time_seed_opt_runs/opt_seed_array_7518300[25].kman.restech.unsw.edu.au/seed_25/trip_summary_by_fps.csv
4500.0,362,20.38950276243094,7381.0,3397.539364448216,75.5008747655159,162,95,105,26,/home/z5247491/MaaS-Simulation/MaaS-Centralised/Total_system_travel_time_seed_opt_runs/opt_seed_array_7518300[26].kman.restech.unsw.edu.au/seed_26/trip_summary_by_fps.csv
4500.0,382,19.79581151832461,7562.0,4030.173983404884,89.55942185344186,150,129,103,27,/home/z5247491/MaaS-Simulation/MaaS-Centralised/Total_system_travel_time_seed_opt_runs/opt_seed_array_7514748[27].kman.restech.unsw.edu.au/seed_27/trip_summary_by_fps.csv
4500.0,385,17.625974025974028,6786.0,4212.1507788452745,93.6033506410061,163,108,114,28,/home/z5247491/MaaS-Simulation/MaaS-Centralised/Total_system_travel_time_seed_opt_runs/opt_seed_array_7514748[28].kman.restech.unsw.edu.au/seed_28/trip_summary_by_fps.csv
4500.0,396,21.022727272727277,8325.0,3580.4107026412285,79.56468228091619,163,121,112,29,/home/z5247491/MaaS-Simulation/MaaS-Centralised/Total_system_travel_time_seed_opt_runs/opt_seed_array_7514748[29].kman.restech.unsw.edu.au/seed_29/trip_summary_by_fps.csv
5500.0,391,20.21994884910486,7906.0,3325.03997109059,60.45527220164709,154,113,124,0,/home/z5247491/MaaS-Simulation/MaaS-Centralised/Total_system_travel_time_seed_opt_runs/opt_seed_array_7514748[0].kman.restech.unsw.edu.au/seed_0/trip_summary_by_fps.csv
5500.0,371,20.951482479784367,7773.0,3623.006985895706,65.87285428901284,164,104,103,1,/home/z5247491/MaaS-Simulation/MaaS-Centralised/Total_system_travel_time_seed_opt_runs/opt_seed_array_7514748[1].kman.restech.unsw.edu.au/seed_1/trip_summary_by_fps.csv
5500.0,393,18.572519083969464,7299.0,2587.857009641629,47.0519456298478,139,137,117,2,/home/z5247491/MaaS-Simulation/MaaS-Centralised/Total_system_travel_time_seed_opt_runs/opt_seed_array_7514748[2].kman.restech.unsw.edu.au/seed_2/trip_summary_by_fps.csv
5500.0,374,20.16577540106952,7542.0,3022.244375142724,54.9498977298677,146,140,88,3,/home/z5247491/MaaS-Simulation/MaaS-Centralised/Total_system_travel_time_seed_opt_runs/opt_seed_array_7514748[3].kman.restech.unsw.edu.au/seed_3/trip_summary_by_fps.csv
5500.0,364,20.63736263736264,7512.0,3377.583078571702,61.410601428576406,156,106,102,4,/home/z5247491/MaaS-Simulation/MaaS-Centralised/Total_system_travel_time_seed_opt_runs/opt_seed_array_7514748[4].kman.restech.unsw.edu.au/seed_4/trip_summary_by_fps.csv
5500.0,387,19.906976744186046,7704.0,3644.305400231912,66.26009818603475,134,125,128,5,/home/z5247491/MaaS-Simulation/MaaS-Centralised/Total_system_travel_time_seed_opt_runs/opt_seed_array_7514748[5].kman.restech.unsw.edu.au/seed_5/trip_summary_by_fps.csv
5500.0,403,18.71712158808933,7543.0,4592.562532600167,83.50113695636668,176,120,107,6,/home/z5247491/MaaS-Simulation/MaaS-Centralised/Total_system_travel_time_seed_opt_runs/opt_seed_array_7514748[6].kman.restech.unsw.edu.au/seed_6/trip_summary_by_fps.csv
5500.0,371,20.71967654986523,7687.0,3694.956036645313,67.1810188480966,174,99,98,7,/home/z5247491/MaaS-Simulation/MaaS-Centralised/Total_system_travel_time_seed_opt_runs/opt_seed_array_7514748[7].kman.restech.unsw.edu.au/seed_7/trip_summary_by_fps.csv
5500.0,403,17.84863523573201,7193.0,5307.036634145336,96.49157516627884,194,116,93,8,/home/z5247491/MaaS-Simulation/MaaS-Centralised/Total_system_travel_time_seed_opt_runs/opt_seed_array_7514748[8].kman.restech.unsw.edu.au/seed_8/trip_summary_by_fps.csv
5500.0,384,19.0234375,7305.0,3984.962179506655,72.45385780921191,157,134,93,9,/home/z5247491/MaaS-Simulation/MaaS-Centralised/Total_system_travel_time_seed_opt_runs/opt_seed_array_7514748[9].kman.restech.unsw.edu.au/seed_9/trip_summary_by_fps.csv
5500.0,386,22.44300518134715,8663.0,5500.0,100.0,139,154,93,10,/home/z5247491/MaaS-Simulation/MaaS-Centralised/Total_system_travel_time_seed_opt_runs/opt_seed_array_7514748[10].kman.restech.unsw.edu.au/seed_10/trip_summary_by_fps.csv
5500.0,373,21.46112600536193,8005.0,5500.0,100.0,151,107,115,11,/home/z5247491/MaaS-Simulation/MaaS-Centralised/Total_system_travel_time_seed_opt_runs/opt_seed_array_7514748[11].kman.restech.unsw.edu.au/seed_11/trip_summary_by_fps.csv
5500.0,395,20.432911392405064,8071.0,5500.0,100.0,138,139,118,12,/home/z5247491/MaaS-Simulation/MaaS-Centralised/Total_system_travel_time_seed_opt_runs/opt_seed_array_7514748[12].kman.restech.unsw.edu.au/seed_12/trip_summary_by_fps.csv
5500.0,364,18.167582417582416,6613.0,3078.609152914696,55.97471187117628,169,114,81,13,/home/z5247491/MaaS-Simulation/MaaS-Centralised/Total_system_travel_time_seed_opt_runs/opt_seed_array_7514748[13].kman.restech.unsw.edu.au/seed_13/trip_summary_by_fps.csv
5500.0,382,19.615183246073297,7493.0,4829.467492041664,87.80849985530298,153,136,93,14,/home/z5247491/MaaS-Simulation/MaaS-Centralised/Total_system_travel_time_seed_opt_runs/opt_seed_array_7514748[14].kman.restech.unsw.edu.au/seed_14/trip_summary_by_fps.csv
5500.0,382,19.75130890052356,7545.0,4197.497093859087,76.31812897925613,184,102,96,15,/home/z5247491/MaaS-Simulation/MaaS-Centralised/Total_system_travel_time_seed_opt_runs/opt_seed_array_7514748[15].kman.restech.unsw.edu.au/seed_15/trip_summary_by_fps.csv
5500.0,367,19.42506811989101,7129.0,3573.1338606971035,64.96607019449279,155,123,89,16,/home/z5247491/MaaS-Simulation/MaaS-Centralised/Total_system_travel_time_seed_opt_runs/opt_seed_array_7514748[16].kman.restech.unsw.edu.au/seed_16/trip_summary_by_fps.csv
5500.0,391,19.46547314578005,7611.0,3576.7073879115783,65.03104341657415,175,125,91,17,/home/z5247491/MaaS-Simulation/MaaS-Centralised/Total_system_travel_time_seed_opt_runs/opt_seed_array_7514748[17].kman.restech.unsw.edu.au/seed_17/trip_summary_by_fps.csv
5500.0,400,17.8525,7141.0,3356.5116800642663,61.02748509207757,176,119,105,18,/home/z5247491/MaaS-Simulation/MaaS-Centralised/Total_system_travel_time_seed_opt_runs/opt_seed_array_7514748[18].kman.restech.unsw.edu.au/seed_18/trip_summary_by_fps.csv
5500.0,374,20.898395721925134,7816.0,5371.856066846674,97.67011030630316,154,135,85,19,/home/z5247491/MaaS-Simulation/MaaS-Centralised/Total_system_travel_time_seed_opt_runs/opt_seed_array_7514748[19].kman.restech.unsw.edu.au/seed_19/trip_summary_by_fps.csv
5500.0,382,19.164921465968582,7321.0,5002.484995933122,90.9542726533295,174,148,60,20,/home/z5247491/MaaS-Simulation/MaaS-Centralised/Total_system_travel_time_seed_opt_runs/opt_seed_array_7514748[20].kman.restech.unsw.edu.au/seed_20/trip_summary_by_fps.csv
5500.0,389,19.44987146529563,7566.0,3466.1944695335737,63.02171762788316,158,145,86,21,/home/z5247491/MaaS-Simulation/MaaS-Centralised/Total_system_travel_time_seed_opt_runs/opt_seed_array_7514748[21].kman.restech.unsw.edu.au/seed_21/trip_summary_by_fps.csv
5500.0,379,20.203166226912927,7657.0,3860.760432055728,70.19564421919505,179,100,100,22,/home/z5247491/MaaS-Simulation/MaaS-Centralised/Total_system_travel_time_seed_opt_runs/opt_seed_array_7514748[22].kman.restech.unsw.edu.au/seed_22/trip_summary_by_fps.csv
5500.0,378,20.73015873015873,7836.0,3549.5216522652154,64.536757313913,142,115,121,23,/home/z5247491/MaaS-Simulation/MaaS-Centralised/Total_system_travel_time_seed_opt_runs/opt_seed_array_7514748[23].kman.restech.unsw.edu.au/seed_23/trip_summary_by_fps.csv
5500.0,386,22.147668393782386,8549.0,5500.0,100.0,134,173,79,24,/home/z5247491/MaaS-Simulation/MaaS-Centralised/Total_system_travel_time_seed_opt_runs/opt_seed_array_7518300[24].kman.restech.unsw.edu.au/seed_24/trip_summary_by_fps.csv
5500.0,362,20.38950276243094,7381.0,3397.539364448216,61.77344298996756,162,95,105,25,/home/z5247491/MaaS-Simulation/MaaS-Centralised/Total_system_travel_time_seed_opt_runs/opt_seed_array_7518300[25].kman.restech.unsw.edu.au/seed_25/trip_summary_by_fps.csv
5500.0,422,18.37440758293839,7754.0,4362.763079575565,79.32296508319209,162,147,113,26,/home/z5247491/MaaS-Simulation/MaaS-Centralised/Total_system_travel_time_seed_opt_runs/opt_seed_array_7518300[26].kman.restech.unsw.edu.au/seed_26/trip_summary_by_fps.csv
5500.0,385,17.625974025974028,6786.0,4212.1507788452745,76.58455961536863,163,108,114,27,/home/z5247491/MaaS-Simulation/MaaS-Centralised/Total_system_travel_time_seed_opt_runs/opt_seed_array_7514748[27].kman.restech.unsw.edu.au/seed_27/trip_summary_by_fps.csv
5500.0,401,20.13715710723192,8075.0,5500.0,100.0,157,145,99,28,/home/z5247491/MaaS-Simulation/MaaS-Centralised/Total_system_travel_time_seed_opt_runs/opt_seed_array_7514748[28].kman.restech.unsw.edu.au/seed_28/trip_summary_by_fps.csv
5500.0,404,18.98267326732673,7669.0,4914.547719511179,89.35541308202144,167,116,121,29,/home/z5247491/MaaS-Simulation/MaaS-Centralised/Total_system_travel_time_seed_opt_runs/opt_seed_array_7514748[29].kman.restech.unsw.edu.au/seed_29/trip_summary_by_fps.csv
6500.0,371,20.951482479784367,7773.0,3623.006985895706,55.73856901378009,164,104,103,0,/home/z5247491/MaaS-Simulation/MaaS-Centralised/Total_system_travel_time_seed_opt_runs/opt_seed_array_7514748[0].kman.restech.unsw.edu.au/seed_0/trip_summary_by_fps.csv
6500.0,393,18.572519083969464,7299.0,2587.857009641629,39.81318476371737,139,137,117,1,/home/z5247491/MaaS-Simulation/MaaS-Centralised/Total_system_travel_time_seed_opt_runs/opt_seed_array_7514748[1].kman.restech.unsw.edu.au/seed_1/trip_summary_by_fps.csv
6500.0,374,20.16577540106952,7542.0,3022.244375142724,46.496067309888055,146,140,88,2,/home/z5247491/MaaS-Simulation/MaaS-Centralised/Total_system_travel_time_seed_opt_runs/opt_seed_array_7514748[2].kman.restech.unsw.edu.au/seed_2/trip_summary_by_fps.csv
6500.0,364,20.63736263736264,7512.0,3377.583078571702,51.9628165934108,156,106,102,3,/home/z5247491/MaaS-Simulation/MaaS-Centralised/Total_system_travel_time_seed_opt_runs/opt_seed_array_7514748[3].kman.restech.unsw.edu.au/seed_3/trip_summary_by_fps.csv
6500.0,381,19.51968503937008,7437.0,6240.923941124679,96.01421447884124,153,131,97,4,/home/z5247491/MaaS-Simulation/MaaS-Centralised/Total_system_travel_time_seed_opt_runs/opt_seed_array_7514748[4].kman.restech.unsw.edu.au/seed_4/trip_summary_by_fps.csv
6500.0,403,18.71712158808933,7543.0,4592.562532600167,70.65480819384872,176,120,107,5,/home/z5247491/MaaS-Simulation/MaaS-Centralised/Total_system_travel_time_seed_opt_runs/opt_seed_array_7514748[5].kman.restech.unsw.edu.au/seed_5/trip_summary_by_fps.csv
6500.0,389,18.6426735218509,7252.0,4612.891775953916,70.96756578390641,211,99,79,6,/home/z5247491/MaaS-Simulation/MaaS-Centralised/Total_system_travel_time_seed_opt_runs/opt_seed_array_7514748[6].kman.restech.unsw.edu.au/seed_6/trip_summary_by_fps.csv
6500.0,403,17.84863523573201,7193.0,5307.036634145336,81.6467174483898,194,116,93,7,/home/z5247491/MaaS-Simulation/MaaS-Centralised/Total_system_travel_time_seed_opt_runs/opt_seed_array_7514748[7].kman.restech.unsw.edu.au/seed_7/trip_summary_by_fps.csv
6500.0,384,19.0234375,7305.0,3984.962179506655,61.30711045394855,157,134,93,8,/home/z5247491/MaaS-Simulation/MaaS-Centralised/Total_system_travel_time_seed_opt_runs/opt_seed_array_7514748[8].kman.restech.unsw.edu.au/seed_8/trip_summary_by_fps.csv
6500.0,391,22.053708439897697,8623.0,6500.0,100.0,157,118,116,9,/home/z5247491/MaaS-Simulation/MaaS-Centralised/Total_system_travel_time_seed_opt_runs/opt_seed_array_7514748[9].kman.restech.unsw.edu.au/seed_9/trip_summary_by_fps.csv
6500.0,375,20.088,7533.0,6280.369323394434,96.62106651376052,152,109,114,10,/home/z5247491/MaaS-Simulation/MaaS-Centralised/Total_system_travel_time_seed_opt_runs/opt_seed_array_7514748[10].kman.restech.unsw.edu.au/seed_10/trip_summary_by_fps.csv
6500.0,396,21.20959595959596,8399.0,5568.188885016144,85.66444438486376,163,118,115,11,/home/z5247491/MaaS-Simulation/MaaS-Centralised/Total_system_travel_time_seed_opt_runs/opt_seed_array_7514748[11].kman.restech.unsw.edu.au/seed_11/trip_summary_by_fps.csv
6500.0,364,18.167582417582416,6613.0,3078.609152914696,47.36321773714917,169,114,81,12,/home/z5247491/MaaS-Simulation/MaaS-Centralised/Total_system_travel_time_seed_opt_runs/opt_seed_array_7514748[12].kman.restech.unsw.edu.au/seed_12/trip_summary_by_fps.csv
6500.0,382,19.615183246073297,7493.0,4829.467492041664,74.29949987756406,153,136,93,13,/home/z5247491/MaaS-Simulation/MaaS-Centralised/Total_system_travel_time_seed_opt_runs/opt_seed_array_7514748[13].kman.restech.unsw.edu.au/seed_13/trip_summary_by_fps.csv
6500.0,382,19.75130890052356,7545.0,4197.497093859087,64.57687836706287,184,102,96,14,/home/z5247491/MaaS-Simulation/MaaS-Centralised/Total_system_travel_time_seed_opt_runs/opt_seed_array_7514748[14].kman.restech.unsw.edu.au/seed_14/trip_summary_by_fps.csv
6500.0,367,19.42506811989101,7129.0,3573.1338606971035,54.97129016457082,155,123,89,15,/home/z5247491/MaaS-Simulation/MaaS-Centralised/Total_system_travel_time_seed_opt_runs/opt_seed_array_7514748[15].kman.restech.unsw.edu.au/seed_15/trip_summary_by_fps.csv
6500.0,391,19.46547314578005,7611.0,3576.7073879115783,55.02626750633197,175,125,91,16,/home/z5247491/MaaS-Simulation/MaaS-Centralised/Total_system_travel_time_seed_opt_runs/opt_seed_array_7514748[16].kman.restech.unsw.edu.au/seed_16/trip_summary_by_fps.csv
6500.0,400,17.8525,7141.0,3356.5116800642663,51.63864123175794,176,119,105,17,/home/z5247491/MaaS-Simulation/MaaS-Centralised/Total_system_travel_time_seed_opt_runs/opt_seed_array_7514748[17].kman.restech.unsw.edu.au/seed_17/trip_summary_by_fps.csv
6500.0,374,20.898395721925134,7816.0,5371.856066846674,82.64393948994883,154,135,85,18,/home/z5247491/MaaS-Simulation/MaaS-Centralised/Total_system_travel_time_seed_opt_runs/opt_seed_array_7514748[18].kman.restech.unsw.edu.au/seed_18/trip_summary_by_fps.csv
6500.0,364,19.71153846153846,7175.0,6062.168368402236,93.26412874464978,176,86,102,19,/home/z5247491/MaaS-Simulation/MaaS-Centralised/Total_system_travel_time_seed_opt_runs/opt_seed_array_7514748[19].kman.restech.unsw.edu.au/seed_19/trip_summary_by_fps.csv
6500.0,413,18.239709443099272,7533.0,5650.47999847741,86.93046151503707,178,119,116,20,/home/z5247491/MaaS-Simulation/MaaS-Centralised/Total_system_travel_time_seed_opt_runs/opt_seed_array_7514748[20].kman.restech.unsw.edu.au/seed_20/trip_summary_by_fps.csv
6500.0,379,20.203166226912927,7657.0,3860.760432055728,59.39631433931889,179,100,100,21,/home/z5247491/MaaS-Simulation/MaaS-Centralised/Total_system_travel_time_seed_opt_runs/opt_seed_array_7514748[21].kman.restech.unsw.edu.au/seed_21/trip_summary_by_fps.csv
6500.0,378,20.73015873015873,7836.0,3549.5216522652154,54.60802541946486,142,115,121,22,/home/z5247491/MaaS-Simulation/MaaS-Centralised/Total_system_travel_time_seed_opt_runs/opt_seed_array_7514748[22].kman.restech.unsw.edu.au/seed_22/trip_summary_by_fps.csv
6500.0,405,20.846913580246916,8443.0,6500.0,100.0,147,105,153,23,/home/z5247491/MaaS-Simulation/MaaS-Centralised/Total_system_travel_time_seed_opt_runs/opt_seed_array_7514748[23].kman.restech.unsw.edu.au/seed_23/trip_summary_by_fps.csv
6500.0,362,20.38950276243094,7381.0,3397.539364448216,52.26983637612639,162,95,105,24,/home/z5247491/MaaS-Simulation/MaaS-Centralised/Total_system_travel_time_seed_opt_runs/opt_seed_array_7518300[24].kman.restech.unsw.edu.au/seed_24/trip_summary_by_fps.csv
6500.0,382,19.79581151832461,7562.0,4030.173983404884,62.002676667767446,150,129,103,25,/home/z5247491/MaaS-Simulation/MaaS-Centralised/Total_system_travel_time_seed_opt_runs/opt_seed_array_7518300[25].kman.restech.unsw.edu.au/seed_25/trip_summary_by_fps.csv
6500.0,385,17.625974025974028,6786.0,4212.1507788452745,64.80231967454269,163,108,114,26,/home/z5247491/MaaS-Simulation/MaaS-Centralised/Total_system_travel_time_seed_opt_runs/opt_seed_array_7518300[26].kman.restech.unsw.edu.au/seed_26/trip_summary_by_fps.csv
6500.0,392,20.59948979591837,8075.0,6334.922584329609,97.46034745122476,152,137,103,27,/home/z5247491/MaaS-Simulation/MaaS-Centralised/Total_system_travel_time_seed_opt_runs/opt_seed_array_7514748[27].kman.restech.unsw.edu.au/seed_27/trip_summary_by_fps.csv
6500.0,404,18.98267326732673,7669.0,4914.547719511179,75.60842645401814,167,116,121,28,/home/z5247491/MaaS-Simulation/MaaS-Centralised/Total_system_travel_time_seed_opt_runs/opt_seed_array_7514748[28].kman.restech.unsw.edu.au/seed_28/trip_summary_by_fps.csv
6500.0,379,19.522427440633244,7399.0,3360.6223228592617,51.70188189014249,153,133,93,29,/home/z5247491/MaaS-Simulation/MaaS-Centralised/Total_system_travel_time_seed_opt_runs/opt_seed_array_7514748[29].kman.restech.unsw.edu.au/seed_29/trip_summary_by_fps.csv
7000.0,400,18.2625,7305.0,4540.625337306331,64.8660762472333,161,123,116,0,/home/z5247491/MaaS-Simulation/MaaS-Centralised/Total_system_travel_time_seed_opt_runs/opt_seed_array_7514748[0].kman.restech.unsw.edu.au/seed_0/trip_summary_by_fps.csv
7000.0,383,18.240208877284594,6986.0,4995.53109226801,71.364729889543,179,118,86,1,/home/z5247491/MaaS-Simulation/MaaS-Centralised/Total_system_travel_time_seed_opt_runs/opt_seed_array_7514748[1].kman.restech.unsw.edu.au/seed_1/trip_summary_by_fps.csv
7000.0,399,20.26817042606516,8087.0,7000.0,100.0,162,137,100,2,/home/z5247491/MaaS-Simulation/MaaS-Centralised/Total_system_travel_time_seed_opt_runs/opt_seed_array_7514748[2].kman.restech.unsw.edu.au/seed_2/trip_summary_by_fps.csv
7000.0,396,19.795454545454547,7839.0,4777.814630442243,68.25449472060346,170,137,89,3,/home/z5247491/MaaS-Simulation/MaaS-Centralised/Total_system_travel_time_seed_opt_runs/opt_seed_array_7514748[3].kman.restech.unsw.edu.au/seed_3/trip_summary_by_fps.csv
7000.0,393,19.53689567430025,7678.0,7000.0,100.0,157,138,98,4,/home/z5247491/MaaS-Simulation/MaaS-Centralised/Total_system_travel_time_seed_opt_runs/opt_seed_array_7514748[4].kman.restech.unsw.edu.au/seed_4/trip_summary_by_fps.csv
7000.0,396,19.012626262626263,7529.0,6737.344709999248,96.24778157141785,177,102,117,5,/home/z5247491/MaaS-Simulation/MaaS-Centralised/Total_system_travel_time_seed_opt_runs/opt_seed_array_7514748[5].kman.restech.unsw.edu.au/seed_5/trip_summary_by_fps.csv
7000.0,388,20.561855670103093,7978.0,2662.103633055778,38.03005190079683,136,132,120,6,/home/z5247491/MaaS-Simulation/MaaS-Centralised/Total_system_travel_time_seed_opt_runs/opt_seed_array_7514748[6].kman.restech.unsw.edu.au/seed_6/trip_summary_by_fps.csv
7000.0,379,18.86279683377309,7149.0,3676.956759297551,52.52795370425073,154,107,118,7,/home/z5247491/MaaS-Simulation/MaaS-Centralised/Total_system_travel_time_seed_opt_runs/opt_seed_array_7514748[7].kman.restech.unsw.edu.au/seed_7/trip_summary_by_fps.csv
7000.0,380,21.07894736842105,8010.0,3403.8543434716944,48.6264906210242,162,113,105,8,/home/z5247491/MaaS-Simulation/MaaS-Centralised/Total_system_travel_time_seed_opt_runs/opt_seed_array_7514748[8].kman.restech.unsw.edu.au/seed_8/trip_summary_by_fps.csv
7000.0,368,20.358695652173918,7492.0,4140.587012962667,59.15124304232382,153,118,97,9,/home/z5247491/MaaS-Simulation/MaaS-Centralised/Total_system_travel_time_seed_opt_runs/opt_seed_array_7514748[9].kman.restech.unsw.edu.au/seed_9/trip_summary_by_fps.csv
7000.0,414,19.35990338164251,8015.0,6573.502423334199,93.90717747620285,141,128,145,10,/home/z5247491/MaaS-Simulation/MaaS-Centralised/Total_system_travel_time_seed_opt_runs/opt_seed_array_7514748[10].kman.restech.unsw.edu.au/seed_10/trip_summary_by_fps.csv
7000.0,386,20.32642487046632,7846.0,3307.060303433866,47.2437186204838,137,131,118,11,/home/z5247491/MaaS-Simulation/MaaS-Centralised/Total_system_travel_time_seed_opt_runs/opt_seed_array_7514748[11].kman.restech.unsw.edu.au/seed_11/trip_summary_by_fps.csv
7000.0,376,19.18882978723404,7215.0,5354.213718288944,76.48876740412777,166,113,97,12,/home/z5247491/MaaS-Simulation/MaaS-Centralised/Total_system_travel_time_seed_opt_runs/opt_seed_array_7514748[12].kman.restech.unsw.edu.au/seed_12/trip_summary_by_fps.csv
7000.0,386,17.440414507772022,6732.0,5871.107201883778,83.87296002691112,169,108,109,13,/home/z5247491/MaaS-Simulation/MaaS-Centralised/Total_system_travel_time_seed_opt_runs/opt_seed_array_7514748[13].kman.restech.unsw.edu.au/seed_13/trip_summary_by_fps.csv
7000.0,381,20.76115485564305,7910.0,4194.383520839158,59.919764583416544,166,99,116,14,/home/z5247491/MaaS-Simulation/MaaS-Centralised/Total_system_travel_time_seed_opt_runs/opt_seed_array_7514748[14].kman.restech.unsw.edu.au/seed_14/trip_summary_by_fps.csv
7000.0,365,20.0,7300.0,5726.647235679646,81.80924622399493,170,114,81,15,/home/z5247491/MaaS-Simulation/MaaS-Centralised/Total_system_travel_time_seed_opt_runs/opt_seed_array_7514748[15].kman.restech.unsw.edu.au/seed_15/trip_summary_by_fps.csv
7000.0,381,19.876640419947503,7573.0,6790.409556659545,97.00585080942209,150,136,95,16,/home/z5247491/MaaS-Simulation/MaaS-Centralised/Total_system_travel_time_seed_opt_runs/opt_seed_array_7514748[16].kman.restech.unsw.edu.au/seed_16/trip_summary_by_fps.csv
7000.0,389,19.776349614395887,7693.0,4920.399191927713,70.29141702753876,162,124,103,17,/home/z5247491/MaaS-Simulation/MaaS-Centralised/Total_system_travel_time_seed_opt_runs/opt_seed_array_7514748[17].kman.restech.unsw.edu.au/seed_17/trip_summary_by_fps.csv
7000.0,372,20.024193548387096,7449.0,3552.9132727753304,50.75590389679044,180,96,96,18,/home/z5247491/MaaS-Simulation/MaaS-Centralised/Total_system_travel_time_seed_opt_runs/opt_seed_array_7514748[18].kman.restech.unsw.edu.au/seed_18/trip_summary_by_fps.csv
7000.0,424,17.375,7367.0,5858.598543683784,83.69426490976834,199,104,121,19,/home/z5247491/MaaS-Simulation/MaaS-Centralised/Total_system_travel_time_seed_opt_runs/opt_seed_array_7514748[19].kman.restech.unsw.edu.au/seed_19/trip_summary_by_fps.csv
7000.0,381,20.20997375328084,7700.0,3023.881520605926,43.19830743722752,182,112,87,20,/home/z5247491/MaaS-Simulation/MaaS-Centralised/Total_system_travel_time_seed_opt_runs/opt_seed_array_7514748[20].kman.restech.unsw.edu.au/seed_20/trip_summary_by_fps.csv
7000.0,412,19.441747572815533,8010.0,3592.499381923104,51.32141974175863,167,127,118,21,/home/z5247491/MaaS-Simulation/MaaS-Centralised/Total_system_travel_time_seed_opt_runs/opt_seed_array_7514748[21].kman.restech.unsw.edu.au/seed_21/trip_summary_by_fps.csv
7000.0,378,19.35185185185185,7315.0,3681.674606032055,52.59535151474364,175,114,89,22,/home/z5247491/MaaS-Simulation/MaaS-Centralised/Total_system_travel_time_seed_opt_runs/opt_seed_array_7514748[22].kman.restech.unsw.edu.au/seed_22/trip_summary_by_fps.csv
7000.0,395,19.093670886075948,7542.0,5714.5965608660335,81.63709372665761,158,160,77,23,/home/z5247491/MaaS-Simulation/MaaS-Centralised/Total_system_travel_time_seed_opt_runs/opt_seed_array_7514748[23].kman.restech.unsw.edu.au/seed_23/trip_summary_by_fps.csv
7000.0,383,19.386422976501304,7425.0,6644.226238299655,94.91751768999508,182,111,90,24,/home/z5247491/MaaS-Simulation/MaaS-Centralised/Total_system_travel_time_seed_opt_runs/opt_seed_array_7518300[24].kman.restech.unsw.edu.au/seed_24/trip_summary_by_fps.csv
7000.0,381,19.430446194225723,7403.0,3372.634914813181,48.18049878304544,184,118,79,25,/home/z5247491/MaaS-Simulation/MaaS-Centralised/Total_system_travel_time_seed_opt_runs/opt_seed_array_7518300[25].kman.restech.unsw.edu.au/seed_25/trip_summary_by_fps.csv
7000.0,375,20.512,7692.0,3511.89850893509,50.16997869907272,180,114,81,26,/home/z5247491/MaaS-Simulation/MaaS-Centralised/Total_system_travel_time_seed_opt_runs/opt_seed_array_7518300[26].kman.restech.unsw.edu.au/seed_26/trip_summary_by_fps.csv
7000.0,359,20.846796657381617,7484.0,5934.090251810406,84.7727178830058,141,93,125,27,/home/z5247491/MaaS-Simulation/MaaS-Centralised/Total_system_travel_time_seed_opt_runs/opt_seed_array_7514748[27].kman.restech.unsw.edu.au/seed_27/trip_summary_by_fps.csv
7000.0,373,20.487935656836463,7642.0,3327.7965713462468,47.5399510192321,155,131,87,28,/home/z5247491/MaaS-Simulation/MaaS-Centralised/Total_system_travel_time_seed_opt_runs/opt_seed_array_7514748[28].kman.restech.unsw.edu.au/seed_28/trip_summary_by_fps.csv
7000.0,373,20.487935656836463,7642.0,5936.856634001779,84.81223762859685,132,122,119,29,/home/z5247491/MaaS-Simulation/MaaS-Centralised/Total_system_travel_time_seed_opt_runs/opt_seed_array_7514748[29].kman.restech.unsw.edu.au/seed_29/trip_summary_by_fps.csv
7500.0,393,18.572519083969464,7299.0,2587.857009641629,34.504760128555056,139,137,117,0,/home/z5247491/MaaS-Simulation/MaaS-Centralised/Total_system_travel_time_seed_opt_runs/opt_seed_array_7514748[0].kman.restech.unsw.edu.au/seed_0/trip_summary_by_fps.csv
7500.0,374,20.16577540106952,7542.0,3022.244375142724,40.29659166856965,146,140,88,1,/home/z5247491/MaaS-Simulation/MaaS-Centralised/Total_system_travel_time_seed_opt_runs/opt_seed_array_7514748[1].kman.restech.unsw.edu.au/seed_1/trip_summary_by_fps.csv
7500.0,364,20.63736263736264,7512.0,3377.583078571702,45.0344410476227,156,106,102,2,/home/z5247491/MaaS-Simulation/MaaS-Centralised/Total_system_travel_time_seed_opt_runs/opt_seed_array_7514748[2].kman.restech.unsw.edu.au/seed_2/trip_summary_by_fps.csv
7500.0,381,19.51968503937008,7437.0,6240.923941124679,83.21231921499572,153,131,97,3,/home/z5247491/MaaS-Simulation/MaaS-Centralised/Total_system_travel_time_seed_opt_runs/opt_seed_array_7514748[3].kman.restech.unsw.edu.au/seed_3/trip_summary_by_fps.csv
7500.0,364,22.208791208791208,8084.0,3482.5185382011755,46.43358050934901,140,106,118,4,/home/z5247491/MaaS-Simulation/MaaS-Centralised/Total_system_travel_time_seed_opt_runs/opt_seed_array_7514748[4].kman.restech.unsw.edu.au/seed_4/trip_summary_by_fps.csv
7500.0,379,21.30079155672823,8073.0,2304.323699457133,30.72431599276177,160,130,89,5,/home/z5247491/MaaS-Simulation/MaaS-Centralised/Total_system_travel_time_seed_opt_runs/opt_seed_array_7514748[5].kman.restech.unsw.edu.au/seed_5/trip_summary_by_fps.csv
7500.0,403,17.84863523573201,7193.0,5307.036634145336,70.76048845527116,194,116,93,6,/home/z5247491/MaaS-Simulation/MaaS-Centralised/Total_system_travel_time_seed_opt_runs/opt_seed_array_7514748[6].kman.restech.unsw.edu.au/seed_6/trip_summary_by_fps.csv
7500.0,384,19.0234375,7305.0,3984.962179506655,53.13282906008874,157,134,93,7,/home/z5247491/MaaS-Simulation/MaaS-Centralised/Total_system_travel_time_seed_opt_runs/opt_seed_array_7514748[7].kman.restech.unsw.edu.au/seed_7/trip_summary_by_fps.csv
7500.0,383,21.36031331592689,8181.0,7023.803163380821,93.65070884507762,140,152,91,8,/home/z5247491/MaaS-Simulation/MaaS-Centralised/Total_system_travel_time_seed_opt_runs/opt_seed_array_7514748[8].kman.restech.unsw.edu.au/seed_8/trip_summary_by_fps.csv
7500.0,387,19.09560723514212,7390.0,5029.630126773878,67.06173502365172,146,138,103,9,/home/z5247491/MaaS-Simulation/MaaS-Centralised/Total_system_travel_time_seed_opt_runs/opt_seed_array_7514748[9].kman.restech.unsw.edu.au/seed_9/trip_summary_by_fps.csv
7500.0,368,20.80163043478261,7655.0,2965.8877770389017,39.54517036051869,155,100,113,10,/home/z5247491/MaaS-Simulation/MaaS-Centralised/Total_system_travel_time_seed_opt_runs/opt_seed_array_7514748[10].kman.restech.unsw.edu.au/seed_10/trip_summary_by_fps.csv
7500.0,364,18.167582417582416,6613.0,3078.609152914696,41.04812203886261,169,114,81,11,/home/z5247491/MaaS-Simulation/MaaS-Centralised/Total_system_travel_time_seed_opt_runs/opt_seed_array_7514748[11].kman.restech.unsw.edu.au/seed_11/trip_summary_by_fps.csv
7500.0,382,19.615183246073297,7493.0,4829.467492041664,64.39289989388884,153,136,93,12,/home/z5247491/MaaS-Simulation/MaaS-Centralised/Total_system_travel_time_seed_opt_runs/opt_seed_array_7514748[12].kman.restech.unsw.edu.au/seed_12/trip_summary_by_fps.csv
7500.0,382,19.75130890052356,7545.0,4197.497093859087,55.96662791812116,184,102,96,13,/home/z5247491/MaaS-Simulation/MaaS-Centralised/Total_system_travel_time_seed_opt_runs/opt_seed_array_7514748[13].kman.restech.unsw.edu.au/seed_13/trip_summary_by_fps.csv
7500.0,367,19.42506811989101,7129.0,3573.1338606971035,47.64178480929471,155,123,89,14,/home/z5247491/MaaS-Simulation/MaaS-Centralised/Total_system_travel_time_seed_opt_runs/opt_seed_array_7514748[14].kman.restech.unsw.edu.au/seed_14/trip_summary_by_fps.csv
7500.0,391,19.46547314578005,7611.0,3576.7073879115783,47.68943183882104,175,125,91,15,/home/z5247491/MaaS-Simulation/MaaS-Centralised/Total_system_travel_time_seed_opt_runs/opt_seed_array_7514748[15].kman.restech.unsw.edu.au/seed_15/trip_summary_by_fps.csv
7500.0,400,17.8525,7141.0,3356.5116800642663,44.75348906752355,176,119,105,16,/home/z5247491/MaaS-Simulation/MaaS-Centralised/Total_system_travel_time_seed_opt_runs/opt_seed_array_7514748[16].kman.restech.unsw.edu.au/seed_16/trip_summary_by_fps.csv
7500.0,374,20.898395721925134,7816.0,5371.856066846674,71.62474755795566,154,135,85,17,/home/z5247491/MaaS-Simulation/MaaS-Centralised/Total_system_travel_time_seed_opt_runs/opt_seed_array_7514748[17].kman.restech.unsw.edu.au/seed_17/trip_summary_by_fps.csv
7500.0,364,19.71153846153846,7175.0,6062.168368402236,80.82891157869648,176,86,102,18,/home/z5247491/MaaS-Simulation/MaaS-Centralised/Total_system_travel_time_seed_opt_runs/opt_seed_array_7514748[18].kman.restech.unsw.edu.au/seed_18/trip_summary_by_fps.csv
7500.0,413,18.239709443099272,7533.0,5650.47999847741,75.33973331303213,178,119,116,19,/home/z5247491/MaaS-Simulation/MaaS-Centralised/Total_system_travel_time_seed_opt_runs/opt_seed_array_7514748[19].kman.restech.unsw.edu.au/seed_19/trip_summary_by_fps.csv
7500.0,379,20.203166226912927,7657.0,3860.760432055728,51.47680576074304,179,100,100,20,/home/z5247491/MaaS-Simulation/MaaS-Centralised/Total_system_travel_time_seed_opt_runs/opt_seed_array_7514748[20].kman.restech.unsw.edu.au/seed_20/trip_summary_by_fps.csv
7500.0,378,20.73015873015873,7836.0,3549.5216522652154,47.32695536353621,142,115,121,21,/home/z5247491/MaaS-Simulation/MaaS-Centralised/Total_system_travel_time_seed_opt_runs/opt_seed_array_7514748[21].kman.restech.unsw.edu.au/seed_21/trip_summary_by_fps.csv
7500.0,360,21.758333333333333,7833.0,7443.620998921171,99.2482799856156,167,129,64,22,/home/z5247491/MaaS-Simulation/MaaS-Centralised/Total_system_travel_time_seed_opt_runs/opt_seed_array_7514748[22].kman.restech.unsw.edu.au/seed_22/trip_summary_by_fps.csv
7500.0,362,20.38950276243094,7381.0,3397.539364448216,45.30052485930954,162,95,105,23,/home/z5247491/MaaS-Simulation/MaaS-Centralised/Total_system_travel_time_seed_opt_runs/opt_seed_array_7514748[23].kman.restech.unsw.edu.au/seed_23/trip_summary_by_fps.csv
7500.0,382,19.79581151832461,7562.0,4030.173983404884,53.73565311206512,150,129,103,24,/home/z5247491/MaaS-Simulation/MaaS-Centralised/Total_system_travel_time_seed_opt_runs/opt_seed_array_7518300[24].kman.restech.unsw.edu.au/seed_24/trip_summary_by_fps.csv
7500.0,385,17.625974025974028,6786.0,4212.1507788452745,56.16201038460365,163,108,114,25,/home/z5247491/MaaS-Simulation/MaaS-Centralised/Total_system_travel_time_seed_opt_runs/opt_seed_array_7518300[25].kman.restech.unsw.edu.au/seed_25/trip_summary_by_fps.csv
7500.0,392,20.59948979591837,8075.0,6334.922584329609,84.46563445772813,152,137,103,26,/home/z5247491/MaaS-Simulation/MaaS-Centralised/Total_system_travel_time_seed_opt_runs/opt_seed_array_7518300[26].kman.restech.unsw.edu.au/seed_26/trip_summary_by_fps.csv
7500.0,390,18.83589743589744,7346.0,7500.0,100.0,142,145,103,27,/home/z5247491/MaaS-Simulation/MaaS-Centralised/Total_system_travel_time_seed_opt_runs/opt_seed_array_7514748[27].kman.restech.unsw.edu.au/seed_27/trip_summary_by_fps.csv
7500.0,379,19.522427440633244,7399.0,3360.6223228592617,44.80829763812349,153,133,93,28,/home/z5247491/MaaS-Simulation/MaaS-Centralised/Total_system_travel_time_seed_opt_runs/opt_seed_array_7514748[28].kman.restech.unsw.edu.au/seed_28/trip_summary_by_fps.csv
7500.0,396,17.411616161616163,6895.0,3157.051819134903,42.09402425513204,166,117,113,29,/home/z5247491/MaaS-Simulation/MaaS-Centralised/Total_system_travel_time_seed_opt_runs/opt_seed_array_7514748[29].kman.restech.unsw.edu.au/seed_29/trip_summary_by_fps.csv
8000.0,383,18.240208877284594,6986.0,4995.53109226801,62.44413865335012,179,118,86,0,/home/z5247491/MaaS-Simulation/MaaS-Centralised/Total_system_travel_time_seed_opt_runs/opt_seed_array_7514748[0].kman.restech.unsw.edu.au/seed_0/trip_summary_by_fps.csv
8000.0,404,19.87623762376237,8030.0,7543.77897833978,94.29723722924726,164,139,101,1,/home/z5247491/MaaS-Simulation/MaaS-Centralised/Total_system_travel_time_seed_opt_runs/opt_seed_array_7514748[1].kman.restech.unsw.edu.au/seed_1/trip_summary_by_fps.csv
8000.0,396,19.795454545454547,7839.0,4777.814630442243,59.72268288052803,170,137,89,2,/home/z5247491/MaaS-Simulation/MaaS-Centralised/Total_system_travel_time_seed_opt_runs/opt_seed_array_7514748[2].kman.restech.unsw.edu.au/seed_2/trip_summary_by_fps.csv
8000.0,392,18.964285714285715,7434.0,7444.3478624865,93.05434828108126,157,137,98,3,/home/z5247491/MaaS-Simulation/MaaS-Centralised/Total_system_travel_time_seed_opt_runs/opt_seed_array_7514748[3].kman.restech.unsw.edu.au/seed_3/trip_summary_by_fps.csv
8000.0,400,18.9,7560.0,3331.764613776637,41.64705767220796,176,116,108,4,/home/z5247491/MaaS-Simulation/MaaS-Centralised/Total_system_travel_time_seed_opt_runs/opt_seed_array_7514748[4].kman.restech.unsw.edu.au/seed_4/trip_summary_by_fps.csv
8000.0,388,20.561855670103093,7978.0,2662.103633055778,33.276295413197225,136,132,120,5,/home/z5247491/MaaS-Simulation/MaaS-Centralised/Total_system_travel_time_seed_opt_runs/opt_seed_array_7514748[5].kman.restech.unsw.edu.au/seed_5/trip_summary_by_fps.csv
8000.0,379,18.86279683377309,7149.0,3676.956759297551,45.96195949121938,154,107,118,6,/home/z5247491/MaaS-Simulation/MaaS-Centralised/Total_system_travel_time_seed_opt_runs/opt_seed_array_7514748[6].kman.restech.unsw.edu.au/seed_6/trip_summary_by_fps.csv
8000.0,380,21.07894736842105,8010.0,3403.8543434716944,42.54817929339618,162,113,105,7,/home/z5247491/MaaS-Simulation/MaaS-Centralised/Total_system_travel_time_seed_opt_runs/opt_seed_array_7514748[7].kman.restech.unsw.edu.au/seed_7/trip_summary_by_fps.csv
8000.0,368,20.358695652173918,7492.0,4140.587012962667,51.75733766203334,153,118,97,8,/home/z5247491/MaaS-Simulation/MaaS-Centralised/Total_system_travel_time_seed_opt_runs/opt_seed_array_7514748[8].kman.restech.unsw.edu.au/seed_8/trip_summary_by_fps.csv
8000.0,393,20.25699745547074,7961.0,7787.190987496365,97.33988734370456,158,156,79,9,/home/z5247491/MaaS-Simulation/MaaS-Centralised/Total_system_travel_time_seed_opt_runs/opt_seed_array_7514748[9].kman.restech.unsw.edu.au/seed_9/trip_summary_by_fps.csv
8000.0,386,20.32642487046632,7846.0,3307.060303433866,41.338253792923325,137,131,118,10,/home/z5247491/MaaS-Simulation/MaaS-Centralised/Total_system_travel_time_seed_opt_runs/opt_seed_array_7514748[10].kman.restech.unsw.edu.au/seed_10/trip_summary_by_fps.csv
8000.0,376,19.18882978723404,7215.0,5354.213718288944,66.9276714786118,166,113,97,11,/home/z5247491/MaaS-Simulation/MaaS-Centralised/Total_system_travel_time_seed_opt_runs/opt_seed_array_7514748[11].kman.restech.unsw.edu.au/seed_11/trip_summary_by_fps.csv
8000.0,386,17.440414507772022,6732.0,5871.107201883778,73.38884002354722,169,108,109,12,/home/z5247491/MaaS-Simulation/MaaS-Centralised/Total_system_travel_time_seed_opt_runs/opt_seed_array_7514748[12].kman.restech.unsw.edu.au/seed_12/trip_summary_by_fps.csv
8000.0,381,20.76115485564305,7910.0,4194.383520839158,52.42979401048948,166,99,116,13,/home/z5247491/MaaS-Simulation/MaaS-Centralised/Total_system_travel_time_seed_opt_runs/opt_seed_array_7514748[13].kman.restech.unsw.edu.au/seed_13/trip_summary_by_fps.csv
8000.0,365,20.0,7300.0,5726.647235679646,71.58309044599557,170,114,81,14,/home/z5247491/MaaS-Simulation/MaaS-Centralised/Total_system_travel_time_seed_opt_runs/opt_seed_array_7514748[14].kman.restech.unsw.edu.au/seed_14/trip_summary_by_fps.csv
8000.0,381,19.876640419947503,7573.0,6790.409556659545,84.88011945824432,150,136,95,15,/home/z5247491/MaaS-Simulation/MaaS-Centralised/Total_system_travel_time_seed_opt_runs/opt_seed_array_7514748[15].kman.restech.unsw.edu.au/seed_15/trip_summary_by_fps.csv
8000.0,389,19.776349614395887,7693.0,4920.399191927713,61.504989899096415,162,124,103,16,/home/z5247491/MaaS-Simulation/MaaS-Centralised/Total_system_travel_time_seed_opt_runs/opt_seed_array_7514748[16].kman.restech.unsw.edu.au/seed_16/trip_summary_by_fps.csv
8000.0,372,20.024193548387096,7449.0,3552.9132727753304,44.411415909691634,180,96,96,17,/home/z5247491/MaaS-Simulation/MaaS-Centralised/Total_system_travel_time_seed_opt_runs/opt_seed_array_7514748[17].kman.restech.unsw.edu.au/seed_17/trip_summary_by_fps.csv
8000.0,424,17.375,7367.0,5858.598543683784,73.2324817960473,199,104,121,18,/home/z5247491/MaaS-Simulation/MaaS-Centralised/Total_system_travel_time_seed_opt_runs/opt_seed_array_7514748[18].kman.restech.unsw.edu.au/seed_18/trip_summary_by_fps.csv
8000.0,381,20.20997375328084,7700.0,3023.881520605926,37.79851900757408,182,112,87,19,/home/z5247491/MaaS-Simulation/MaaS-Centralised/Total_system_travel_time_seed_opt_runs/opt_seed_array_7514748[19].kman.restech.unsw.edu.au/seed_19/trip_summary_by_fps.csv
8000.0,416,18.86778846153846,7849.0,7957.33426896617,99.46667836207712,169,144,103,20,/home/z5247491/MaaS-Simulation/MaaS-Centralised/Total_system_travel_time_seed_opt_runs/opt_seed_array_7514748[20].kman.restech.unsw.edu.au/seed_20/trip_summary_by_fps.csv
8000.0,378,19.35185185185185,7315.0,3681.674606032055,46.020932575400685,175,114,89,21,/home/z5247491/MaaS-Simulation/MaaS-Centralised/Total_system_travel_time_seed_opt_runs/opt_seed_array_7514748[21].kman.restech.unsw.edu.au/seed_21/trip_summary_by_fps.csv
8000.0,395,19.093670886075948,7542.0,5714.5965608660335,71.43245701082542,158,160,77,22,/home/z5247491/MaaS-Simulation/MaaS-Centralised/Total_system_travel_time_seed_opt_runs/opt_seed_array_7514748[22].kman.restech.unsw.edu.au/seed_22/trip_summary_by_fps.csv
8000.0,383,19.386422976501304,7425.0,6644.226238299655,83.0528279787457,182,111,90,23,/home/z5247491/MaaS-Simulation/MaaS-Centralised/Total_system_travel_time_seed_opt_runs/opt_seed_array_7514748[23].kman.restech.unsw.edu.au/seed_23/trip_summary_by_fps.csv
8000.0,381,19.430446194225723,7403.0,3372.634914813181,42.15793643516477,184,118,79,24,/home/z5247491/MaaS-Simulation/MaaS-Centralised/Total_system_travel_time_seed_opt_runs/opt_seed_array_7518300[24].kman.restech.unsw.edu.au/seed_24/trip_summary_by_fps.csv
8000.0,375,20.512,7692.0,3511.89850893509,43.89873136168863,180,114,81,25,/home/z5247491/MaaS-Simulation/MaaS-Centralised/Total_system_travel_time_seed_opt_runs/opt_seed_array_7518300[25].kman.restech.unsw.edu.au/seed_25/trip_summary_by_fps.csv
8000.0,359,20.846796657381617,7484.0,5934.090251810406,74.17612814763007,141,93,125,26,/home/z5247491/MaaS-Simulation/MaaS-Centralised/Total_system_travel_time_seed_opt_runs/opt_seed_array_7518300[26].kman.restech.unsw.edu.au/seed_26/trip_summary_by_fps.csv
8000.0,373,20.487935656836463,7642.0,3327.7965713462468,41.59745714182809,155,131,87,27,/home/z5247491/MaaS-Simulation/MaaS-Centralised/Total_system_travel_time_seed_opt_runs/opt_seed_array_7514748[27].kman.restech.unsw.edu.au/seed_27/trip_summary_by_fps.csv
8000.0,373,20.487935656836463,7642.0,5936.856634001779,74.21070792502223,132,122,119,28,/home/z5247491/MaaS-Simulation/MaaS-Centralised/Total_system_travel_time_seed_opt_runs/opt_seed_array_7514748[28].kman.restech.unsw.edu.au/seed_28/trip_summary_by_fps.csv
8000.0,411,17.394160583941606,7149.0,5826.283211762779,72.82854014703474,154,135,122,29,/home/z5247491/MaaS-Simulation/MaaS-Centralised/Total_system_travel_time_seed_opt_runs/opt_seed_array_7514748[29].kman.restech.unsw.edu.au/seed_29/trip_summary_by_fps.csv
8500.0,374,20.16577540106952,7542.0,3022.244375142724,35.55581617814969,146,140,88,0,/home/z5247491/MaaS-Simulation/MaaS-Centralised/Total_system_travel_time_seed_opt_runs/opt_seed_array_7514748[0].kman.restech.unsw.edu.au/seed_0/trip_summary_by_fps.csv
8500.0,364,20.63736263736264,7512.0,3377.583078571702,39.73627151260826,156,106,102,1,/home/z5247491/MaaS-Simulation/MaaS-Centralised/Total_system_travel_time_seed_opt_runs/opt_seed_array_7514748[1].kman.restech.unsw.edu.au/seed_1/trip_summary_by_fps.csv
8500.0,381,19.51968503937008,7437.0,6240.923941124679,73.42263460146681,153,131,97,2,/home/z5247491/MaaS-Simulation/MaaS-Centralised/Total_system_travel_time_seed_opt_runs/opt_seed_array_7514748[2].kman.restech.unsw.edu.au/seed_2/trip_summary_by_fps.csv
8500.0,364,22.208791208791208,8084.0,3482.5185382011755,40.97080633177853,140,106,118,3,/home/z5247491/MaaS-Simulation/MaaS-Centralised/Total_system_travel_time_seed_opt_runs/opt_seed_array_7514748[3].kman.restech.unsw.edu.au/seed_3/trip_summary_by_fps.csv
8500.0,379,21.30079155672823,8073.0,2304.323699457133,27.10969058184862,160,130,89,4,/home/z5247491/MaaS-Simulation/MaaS-Centralised/Total_system_travel_time_seed_opt_runs/opt_seed_array_7514748[4].kman.restech.unsw.edu.au/seed_4/trip_summary_by_fps.csv
8500.0,403,17.84863523573201,7193.0,5307.036634145336,62.43572510759219,194,116,93,5,/home/z5247491/MaaS-Simulation/MaaS-Centralised/Total_system_travel_time_seed_opt_runs/opt_seed_array_7514748[5].kman.restech.unsw.edu.au/seed_5/trip_summary_by_fps.csv
8500.0,384,19.0234375,7305.0,3984.962179506655,46.88190799419594,157,134,93,6,/home/z5247491/MaaS-Simulation/MaaS-Centralised/Total_system_travel_time_seed_opt_runs/opt_seed_array_7514748[6].kman.restech.unsw.edu.au/seed_6/trip_summary_by_fps.csv
8500.0,393,20.567430025445294,8083.0,7729.734040901773,90.93804754002086,156,119,118,7,/home/z5247491/MaaS-Simulation/MaaS-Centralised/Total_system_travel_time_seed_opt_runs/opt_seed_array_7514748[7].kman.restech.unsw.edu.au/seed_7/trip_summary_by_fps.csv
8500.0,375,20.088,7533.0,6280.369323394434,73.88669792228745,152,109,114,8,/home/z5247491/MaaS-Simulation/MaaS-Centralised/Total_system_travel_time_seed_opt_runs/opt_seed_array_7514748[8].kman.restech.unsw.edu.au/seed_8/trip_summary_by_fps.csv
8500.0,368,20.80163043478261,7655.0,2965.8877770389017,34.89279737692825,155,100,113,9,/home/z5247491/MaaS-Simulation/MaaS-Centralised/Total_system_travel_time_seed_opt_runs/opt_seed_array_7514748[9].kman.restech.unsw.edu.au/seed_9/trip_summary_by_fps.csv
8500.0,364,18.167582417582416,6613.0,3078.609152914696,36.21893121076113,169,114,81,10,/home/z5247491/MaaS-Simulation/MaaS-Centralised/Total_system_travel_time_seed_opt_runs/opt_seed_array_7514748[10].kman.restech.unsw.edu.au/seed_10/trip_summary_by_fps.csv
8500.0,382,19.615183246073297,7493.0,4829.467492041664,56.81726461225487,153,136,93,11,/home/z5247491/MaaS-Simulation/MaaS-Centralised/Total_system_travel_time_seed_opt_runs/opt_seed_array_7514748[11].kman.restech.unsw.edu.au/seed_11/trip_summary_by_fps.csv
8500.0,382,19.75130890052356,7545.0,4197.497093859087,49.38231875128337,184,102,96,12,/home/z5247491/MaaS-Simulation/MaaS-Centralised/Total_system_travel_time_seed_opt_runs/opt_seed_array_7514748[12].kman.restech.unsw.edu.au/seed_12/trip_summary_by_fps.csv
8500.0,367,19.42506811989101,7129.0,3573.1338606971035,42.03686894937768,155,123,89,13,/home/z5247491/MaaS-Simulation/MaaS-Centralised/Total_system_travel_time_seed_opt_runs/opt_seed_array_7514748[13].kman.restech.unsw.edu.au/seed_13/trip_summary_by_fps.csv
8500.0,391,19.46547314578005,7611.0,3576.7073879115783,42.07891044601857,175,125,91,14,/home/z5247491/MaaS-Simulation/MaaS-Centralised/Total_system_travel_time_seed_opt_runs/opt_seed_array_7514748[14].kman.restech.unsw.edu.au/seed_14/trip_summary_by_fps.csv
8500.0,400,17.8525,7141.0,3356.5116800642663,39.48837270663842,176,119,105,15,/home/z5247491/MaaS-Simulation/MaaS-Centralised/Total_system_travel_time_seed_opt_runs/opt_seed_array_7514748[15].kman.restech.unsw.edu.au/seed_15/trip_summary_by_fps.csv
8500.0,393,19.78117048346056,7774.0,8019.514816113856,94.34723313075123,178,129,86,16,/home/z5247491/MaaS-Simulation/MaaS-Centralised/Total_system_travel_time_seed_opt_runs/opt_seed_array_7514748[16].kman.restech.unsw.edu.au/seed_16/trip_summary_by_fps.csv
8500.0,364,19.71153846153846,7175.0,6062.168368402236,71.31962786355572,176,86,102,17,/home/z5247491/MaaS-Simulation/MaaS-Centralised/Total_system_travel_time_seed_opt_runs/opt_seed_array_7514748[17].kman.restech.unsw.edu.au/seed_17/trip_summary_by_fps.csv
8500.0,413,18.239709443099272,7533.0,5650.47999847741,66.47623527620482,178,119,116,18,/home/z5247491/MaaS-Simulation/MaaS-Centralised/Total_system_travel_time_seed_opt_runs/opt_seed_array_7514748[18].kman.restech.unsw.edu.au/seed_18/trip_summary_by_fps.csv
8500.0,379,20.203166226912927,7657.0,3860.760432055728,45.4207109653615,179,100,100,19,/home/z5247491/MaaS-Simulation/MaaS-Centralised/Total_system_travel_time_seed_opt_runs/opt_seed_array_7514748[19].kman.restech.unsw.edu.au/seed_19/trip_summary_by_fps.csv
8500.0,378,20.73015873015873,7836.0,3549.5216522652154,41.75907826194371,142,115,121,20,/home/z5247491/MaaS-Simulation/MaaS-Centralised/Total_system_travel_time_seed_opt_runs/opt_seed_array_7514748[20].kman.restech.unsw.edu.au/seed_20/trip_summary_by_fps.csv
8500.0,360,21.758333333333333,7833.0,7443.620998921171,87.57201175201378,167,129,64,21,/home/z5247491/MaaS-Simulation/MaaS-Centralised/Total_system_travel_time_seed_opt_runs/opt_seed_array_7514748[21].kman.restech.unsw.edu.au/seed_21/trip_summary_by_fps.csv
8500.0,400,18.0325,7213.0,7750.711010494774,91.18483541758556,199,121,80,22,/home/z5247491/MaaS-Simulation/MaaS-Centralised/Total_system_travel_time_seed_opt_runs/opt_seed_array_7514748[22].kman.restech.unsw.edu.au/seed_22/trip_summary_by_fps.csv
8500.0,382,19.79581151832461,7562.0,4030.173983404884,47.413811569469225,150,129,103,23,/home/z5247491/MaaS-Simulation/MaaS-Centralised/Total_system_travel_time_seed_opt_runs/opt_seed_array_7514748[23].kman.restech.unsw.edu.au/seed_23/trip_summary_by_fps.csv
8500.0,385,17.625974025974028,6786.0,4212.1507788452745,49.55471504523853,163,108,114,24,/home/z5247491/MaaS-Simulation/MaaS-Centralised/Total_system_travel_time_seed_opt_runs/opt_seed_array_7518300[24].kman.restech.unsw.edu.au/seed_24/trip_summary_by_fps.csv
8500.0,392,20.59948979591837,8075.0,6334.922584329609,74.52850099211304,152,137,103,25,/home/z5247491/MaaS-Simulation/MaaS-Centralised/Total_system_travel_time_seed_opt_runs/opt_seed_array_7518300[25].kman.restech.unsw.edu.au/seed_25/trip_summary_by_fps.csv
8500.0,390,18.83589743589744,7346.0,7512.175831890347,88.37853919870996,142,145,103,26,/home/z5247491/MaaS-Simulation/MaaS-Centralised/Total_system_travel_time_seed_opt_runs/opt_seed_array_7518300[26].kman.restech.unsw.edu.au/seed_26/trip_summary_by_fps.csv
8500.0,379,19.522427440633244,7399.0,3360.6223228592617,39.53673321010896,153,133,93,27,/home/z5247491/MaaS-Simulation/MaaS-Centralised/Total_system_travel_time_seed_opt_runs/opt_seed_array_7514748[27].kman.restech.unsw.edu.au/seed_27/trip_summary_by_fps.csv
8500.0,396,17.411616161616163,6895.0,3157.051819134903,37.14178610746944,166,117,113,28,/home/z5247491/MaaS-Simulation/MaaS-Centralised/Total_system_travel_time_seed_opt_runs/opt_seed_array_7514748[28].kman.restech.unsw.edu.au/seed_28/trip_summary_by_fps.csv
8500.0,408,19.50980392156863,7960.0,6559.803900123195,77.17416353086112,140,174,94,29,/home/z5247491/MaaS-Simulation/MaaS-Centralised/Total_system_travel_time_seed_opt_runs/opt_seed_array_7514748[29].kman.restech.unsw.edu.au/seed_29/trip_summary_by_fps.csv
9000.0,404,19.87623762376237,8030.0,7543.77897833978,83.81976642599756,164,139,101,0,/home/z5247491/MaaS-Simulation/MaaS-Centralised/Total_system_travel_time_seed_opt_runs/opt_seed_array_7514748[0].kman.restech.unsw.edu.au/seed_0/trip_summary_by_fps.csv
9000.0,396,19.795454545454547,7839.0,4777.814630442243,53.08682922713602,170,137,89,1,/home/z5247491/MaaS-Simulation/MaaS-Centralised/Total_system_travel_time_seed_opt_runs/opt_seed_array_7514748[1].kman.restech.unsw.edu.au/seed_1/trip_summary_by_fps.csv
9000.0,392,18.964285714285715,7434.0,7444.3478624865,82.71497624985,157,137,98,2,/home/z5247491/MaaS-Simulation/MaaS-Centralised/Total_system_travel_time_seed_opt_runs/opt_seed_array_7514748[2].kman.restech.unsw.edu.au/seed_2/trip_summary_by_fps.csv
9000.0,352,21.681818181818183,7632.0,3314.638540317176,36.82931711463529,146,119,87,3,/home/z5247491/MaaS-Simulation/MaaS-Centralised/Total_system_travel_time_seed_opt_runs/opt_seed_array_7514748[3].kman.restech.unsw.edu.au/seed_3/trip_summary_by_fps.csv
9000.0,388,20.561855670103093,7978.0,2662.103633055778,29.578929256175314,136,132,120,4,/home/z5247491/MaaS-Simulation/MaaS-Centralised/Total_system_travel_time_seed_opt_runs/opt_seed_array_7514748[4].kman.restech.unsw.edu.au/seed_4/trip_summary_by_fps.csv
9000.0,379,18.86279683377309,7149.0,3676.956759297551,40.85507510330612,154,107,118,5,/home/z5247491/MaaS-Simulation/MaaS-Centralised/Total_system_travel_time_seed_opt_runs/opt_seed_array_7514748[5].kman.restech.unsw.edu.au/seed_5/trip_summary_by_fps.csv
9000.0,380,21.07894736842105,8010.0,3403.8543434716944,37.82060381635216,162,113,105,6,/home/z5247491/MaaS-Simulation/MaaS-Centralised/Total_system_travel_time_seed_opt_runs/opt_seed_array_7514748[6].kman.restech.unsw.edu.au/seed_6/trip_summary_by_fps.csv
9000.0,355,21.68169014084507,7697.0,3972.5215256917936,44.13912806324215,163,121,71,7,/home/z5247491/MaaS-Simulation/MaaS-Centralised/Total_system_travel_time_seed_opt_runs/opt_seed_array_7514748[7].kman.restech.unsw.edu.au/seed_7/trip_summary_by_fps.csv
9000.0,393,20.25699745547074,7961.0,7787.190987496365,86.52434430551517,158,156,79,8,/home/z5247491/MaaS-Simulation/MaaS-Centralised/Total_system_travel_time_seed_opt_runs/opt_seed_array_7514748[8].kman.restech.unsw.edu.au/seed_8/trip_summary_by_fps.csv
9000.0,413,18.89588377723971,7804.0,8062.286068005269,89.58095631116966,124,169,120,9,/home/z5247491/MaaS-Simulation/MaaS-Centralised/Total_system_travel_time_seed_opt_runs/opt_seed_array_7514748[9].kman.restech.unsw.edu.au/seed_9/trip_summary_by_fps.csv
9000.0,376,19.18882978723404,7215.0,5354.213718288944,59.49126353654381,166,113,97,10,/home/z5247491/MaaS-Simulation/MaaS-Centralised/Total_system_travel_time_seed_opt_runs/opt_seed_array_7514748[10].kman.restech.unsw.edu.au/seed_10/trip_summary_by_fps.csv
9000.0,386,17.440414507772022,6732.0,5871.107201883778,65.23452446537532,169,108,109,11,/home/z5247491/MaaS-Simulation/MaaS-Centralised/Total_system_travel_time_seed_opt_runs/opt_seed_array_7514748[11].kman.restech.unsw.edu.au/seed_11/trip_summary_by_fps.csv
9000.0,381,20.76115485564305,7910.0,4194.383520839158,46.60426134265732,166,99,116,12,/home/z5247491/MaaS-Simulation/MaaS-Centralised/Total_system_travel_time_seed_opt_runs/opt_seed_array_7514748[12].kman.restech.unsw.edu.au/seed_12/trip_summary_by_fps.csv
9000.0,365,20.0,7300.0,5726.647235679646,63.62941372977384,170,114,81,13,/home/z5247491/MaaS-Simulation/MaaS-Centralised/Total_system_travel_time_seed_opt_runs/opt_seed_array_7514748[13].kman.restech.unsw.edu.au/seed_13/trip_summary_by_fps.csv
9000.0,381,19.876640419947503,7573.0,6790.409556659545,75.44899507399495,150,136,95,14,/home/z5247491/MaaS-Simulation/MaaS-Centralised/Total_system_travel_time_seed_opt_runs/opt_seed_array_7514748[14].kman.restech.unsw.edu.au/seed_14/trip_summary_by_fps.csv
9000.0,391,18.815856777493607,7357.0,4292.619082797848,47.69576758664276,171,139,81,15,/home/z5247491/MaaS-Simulation/MaaS-Centralised/Total_system_travel_time_seed_opt_runs/opt_seed_array_7514748[15].kman.restech.unsw.edu.au/seed_15/trip_summary_by_fps.csv
9000.0,372,20.024193548387096,7449.0,3552.9132727753304,39.47681414194811,180,96,96,16,/home/z5247491/MaaS-Simulation/MaaS-Centralised/Total_system_travel_time_seed_opt_runs/opt_seed_array_7514748[16].kman.restech.unsw.edu.au/seed_16/trip_summary_by_fps.csv
9000.0,424,17.375,7367.0,5858.598543683784,65.09553937426426,199,104,121,17,/home/z5247491/MaaS-Simulation/MaaS-Centralised/Total_system_travel_time_seed_opt_runs/opt_seed_array_7514748[17].kman.restech.unsw.edu.au/seed_17/trip_summary_by_fps.csv
9000.0,381,20.20997375328084,7700.0,3023.881520605926,33.598683562288066,182,112,87,18,/home/z5247491/MaaS-Simulation/MaaS-Centralised/Total_system_travel_time_seed_opt_runs/opt_seed_array_7514748[18].kman.restech.unsw.edu.au/seed_18/trip_summary_by_fps.csv
9000.0,416,18.86778846153846,7849.0,7957.33426896617,88.41482521073523,169,144,103,19,/home/z5247491/MaaS-Simulation/MaaS-Centralised/Total_system_travel_time_seed_opt_runs/opt_seed_array_7514748[19].kman.restech.unsw.edu.au/seed_19/trip_summary_by_fps.csv
9000.0,378,19.35185185185185,7315.0,3681.674606032055,40.90749562257839,175,114,89,20,/home/z5247491/MaaS-Simulation/MaaS-Centralised/Total_system_travel_time_seed_opt_runs/opt_seed_array_7514748[20].kman.restech.unsw.edu.au/seed_20/trip_summary_by_fps.csv
9000.0,395,19.093670886075948,7542.0,5714.5965608660335,63.495517342955935,158,160,77,21,/home/z5247491/MaaS-Simulation/MaaS-Centralised/Total_system_travel_time_seed_opt_runs/opt_seed_array_7514748[21].kman.restech.unsw.edu.au/seed_21/trip_summary_by_fps.csv
9000.0,383,19.386422976501304,7425.0,6644.226238299655,73.82473598110728,182,111,90,22,/home/z5247491/MaaS-Simulation/MaaS-Centralised/Total_system_travel_time_seed_opt_runs/opt_seed_array_7514748[22].kman.restech.unsw.edu.au/seed_22/trip_summary_by_fps.csv
9000.0,381,19.430446194225723,7403.0,3372.634914813181,37.47372127570201,184,118,79,23,/home/z5247491/MaaS-Simulation/MaaS-Centralised/Total_system_travel_time_seed_opt_runs/opt_seed_array_7514748[23].kman.restech.unsw.edu.au/seed_23/trip_summary_by_fps.csv
9000.0,375,20.512,7692.0,3511.89850893509,39.02109454372322,180,114,81,24,/home/z5247491/MaaS-Simulation/MaaS-Centralised/Total_system_travel_time_seed_opt_runs/opt_seed_array_7518300[24].kman.restech.unsw.edu.au/seed_24/trip_summary_by_fps.csv
9000.0,411,17.708029197080293,7278.0,8964.981964634615,99.6109107181624,172,149,90,25,/home/z5247491/MaaS-Simulation/MaaS-Centralised/Total_system_travel_time_seed_opt_runs/opt_seed_array_7518300[25].kman.restech.unsw.edu.au/seed_25/trip_summary_by_fps.csv
9000.0,373,20.487935656836463,7642.0,3327.7965713462468,36.97551745940274,155,131,87,26,/home/z5247491/MaaS-Simulation/MaaS-Centralised/Total_system_travel_time_seed_opt_runs/opt_seed_array_7518300[26].kman.restech.unsw.edu.au/seed_26/trip_summary_by_fps.csv
9000.0,373,20.487935656836463,7642.0,5936.856634001779,65.96507371113087,132,122,119,27,/home/z5247491/MaaS-Simulation/MaaS-Centralised/Total_system_travel_time_seed_opt_runs/opt_seed_array_7514748[27].kman.restech.unsw.edu.au/seed_27/trip_summary_by_fps.csv
9000.0,411,17.394160583941606,7149.0,5826.283211762779,64.73648013069754,154,135,122,28,/home/z5247491/MaaS-Simulation/MaaS-Centralised/Total_system_travel_time_seed_opt_runs/opt_seed_array_7514748[28].kman.restech.unsw.edu.au/seed_28/trip_summary_by_fps.csv
9000.0,404,19.871287128712872,8028.0,5580.173572583357,62.00192858425952,162,139,103,29,/home/z5247491/MaaS-Simulation/MaaS-Centralised/Total_system_travel_time_seed_opt_runs/opt_seed_array_7514748[29].kman.restech.unsw.edu.au/seed_29/trip_summary_by_fps.csv
9500.0,364,20.63736263736264,7512.0,3377.583078571702,35.553506090228446,156,106,102,0,/home/z5247491/MaaS-Simulation/MaaS-Centralised/Total_system_travel_time_seed_opt_runs/opt_seed_array_7514748[0].kman.restech.unsw.edu.au/seed_0/trip_summary_by_fps.csv
9500.0,381,19.51968503937008,7437.0,6240.923941124679,65.69393622236504,153,131,97,1,/home/z5247491/MaaS-Simulation/MaaS-Centralised/Total_system_travel_time_seed_opt_runs/opt_seed_array_7514748[1].kman.restech.unsw.edu.au/seed_1/trip_summary_by_fps.csv
9500.0,364,22.208791208791208,8084.0,3482.5185382011755,36.65808987580185,140,106,118,2,/home/z5247491/MaaS-Simulation/MaaS-Centralised/Total_system_travel_time_seed_opt_runs/opt_seed_array_7514748[2].kman.restech.unsw.edu.au/seed_2/trip_summary_by_fps.csv
9500.0,379,21.30079155672823,8073.0,2304.323699457133,24.256038941654037,160,130,89,3,/home/z5247491/MaaS-Simulation/MaaS-Centralised/Total_system_travel_time_seed_opt_runs/opt_seed_array_7514748[3].kman.restech.unsw.edu.au/seed_3/trip_summary_by_fps.csv
9500.0,403,17.84863523573201,7193.0,5307.036634145336,55.86354351731933,194,116,93,4,/home/z5247491/MaaS-Simulation/MaaS-Centralised/Total_system_travel_time_seed_opt_runs/opt_seed_array_7514748[4].kman.restech.unsw.edu.au/seed_4/trip_summary_by_fps.csv
9500.0,384,19.0234375,7305.0,3984.962179506655,41.94697031059637,157,134,93,5,/home/z5247491/MaaS-Simulation/MaaS-Centralised/Total_system_travel_time_seed_opt_runs/opt_seed_array_7514748[5].kman.restech.unsw.edu.au/seed_5/trip_summary_by_fps.csv
9500.0,393,20.567430025445294,8083.0,7729.734040901773,81.36562148317657,156,119,118,6,/home/z5247491/MaaS-Simulation/MaaS-Centralised/Total_system_travel_time_seed_opt_runs/opt_seed_array_7514748[6].kman.restech.unsw.edu.au/seed_6/trip_summary_by_fps.csv
9500.0,375,20.088,7533.0,6280.369323394434,66.10915077257299,152,109,114,7,/home/z5247491/MaaS-Simulation/MaaS-Centralised/Total_system_travel_time_seed_opt_runs/opt_seed_array_7514748[7].kman.restech.unsw.edu.au/seed_7/trip_summary_by_fps.csv
9500.0,368,20.80163043478261,7655.0,2965.8877770389017,31.2198713372516,155,100,113,8,/home/z5247491/MaaS-Simulation/MaaS-Centralised/Total_system_travel_time_seed_opt_runs/opt_seed_array_7514748[8].kman.restech.unsw.edu.au/seed_8/trip_summary_by_fps.csv
9500.0,364,18.167582417582416,6613.0,3078.609152914696,32.406412135944166,169,114,81,9,/home/z5247491/MaaS-Simulation/MaaS-Centralised/Total_system_travel_time_seed_opt_runs/opt_seed_array_7514748[9].kman.restech.unsw.edu.au/seed_9/trip_summary_by_fps.csv
9500.0,382,19.615183246073297,7493.0,4829.467492041664,50.83649991622804,153,136,93,10,/home/z5247491/MaaS-Simulation/MaaS-Centralised/Total_system_travel_time_seed_opt_runs/opt_seed_array_7514748[10].kman.restech.unsw.edu.au/seed_10/trip_summary_by_fps.csv
9500.0,382,19.75130890052356,7545.0,4197.497093859087,44.184179935358806,184,102,96,11,/home/z5247491/MaaS-Simulation/MaaS-Centralised/Total_system_travel_time_seed_opt_runs/opt_seed_array_7514748[11].kman.restech.unsw.edu.au/seed_11/trip_summary_by_fps.csv
9500.0,367,19.42506811989101,7129.0,3573.1338606971035,37.61193537575899,155,123,89,12,/home/z5247491/MaaS-Simulation/MaaS-Centralised/Total_system_travel_time_seed_opt_runs/opt_seed_array_7514748[12].kman.restech.unsw.edu.au/seed_12/trip_summary_by_fps.csv
9500.0,391,19.46547314578005,7611.0,3576.7073879115783,37.64955145170082,175,125,91,13,/home/z5247491/MaaS-Simulation/MaaS-Centralised/Total_system_travel_time_seed_opt_runs/opt_seed_array_7514748[13].kman.restech.unsw.edu.au/seed_13/trip_summary_by_fps.csv
9500.0,400,17.8525,7141.0,3356.5116800642663,35.33170189541333,176,119,105,14,/home/z5247491/MaaS-Simulation/MaaS-Centralised/Total_system_travel_time_seed_opt_runs/opt_seed_array_7514748[14].kman.restech.unsw.edu.au/seed_14/trip_summary_by_fps.csv
9500.0,393,19.78117048346056,7774.0,8019.514816113856,84.41594543277743,178,129,86,15,/home/z5247491/MaaS-Simulation/MaaS-Centralised/Total_system_travel_time_seed_opt_runs/opt_seed_array_7514748[15].kman.restech.unsw.edu.au/seed_15/trip_summary_by_fps.csv
9500.0,364,19.71153846153846,7175.0,6062.168368402236,63.81229861476039,176,86,102,16,/home/z5247491/MaaS-Simulation/MaaS-Centralised/Total_system_travel_time_seed_opt_runs/opt_seed_array_7514748[16].kman.restech.unsw.edu.au/seed_16/trip_summary_by_fps.csv
9500.0,413,18.239709443099272,7533.0,5650.47999847741,59.478736826078006,178,119,116,17,/home/z5247491/MaaS-Simulation/MaaS-Centralised/Total_system_travel_time_seed_opt_runs/opt_seed_array_7514748[17].kman.restech.unsw.edu.au/seed_17/trip_summary_by_fps.csv
9500.0,379,20.203166226912927,7657.0,3860.760432055728,40.63958349532344,179,100,100,18,/home/z5247491/MaaS-Simulation/MaaS-Centralised/Total_system_travel_time_seed_opt_runs/opt_seed_array_7514748[18].kman.restech.unsw.edu.au/seed_18/trip_summary_by_fps.csv
9500.0,378,20.73015873015873,7836.0,3549.5216522652154,37.36338581331805,142,115,121,19,/home/z5247491/MaaS-Simulation/MaaS-Centralised/Total_system_travel_time_seed_opt_runs/opt_seed_array_7514748[19].kman.restech.unsw.edu.au/seed_19/trip_summary_by_fps.csv
9500.0,360,21.758333333333333,7833.0,7443.620998921171,78.3539052518018,167,129,64,20,/home/z5247491/MaaS-Simulation/MaaS-Centralised/Total_system_travel_time_seed_opt_runs/opt_seed_array_7514748[20].kman.restech.unsw.edu.au/seed_20/trip_summary_by_fps.csv
9500.0,400,18.0325,7213.0,7750.711010494774,81.58643168941867,199,121,80,21,/home/z5247491/MaaS-Simulation/MaaS-Centralised/Total_system_travel_time_seed_opt_runs/opt_seed_array_7514748[21].kman.restech.unsw.edu.au/seed_21/trip_summary_by_fps.csv
9500.0,382,19.79581151832461,7562.0,4030.173983404884,42.42288403584089,150,129,103,22,/home/z5247491/MaaS-Simulation/MaaS-Centralised/Total_system_travel_time_seed_opt_runs/opt_seed_array_7514748[22].kman.restech.unsw.edu.au/seed_22/trip_summary_by_fps.csv
9500.0,385,17.625974025974028,6786.0,4212.1507788452745,44.33842925100289,163,108,114,23,/home/z5247491/MaaS-Simulation/MaaS-Centralised/Total_system_travel_time_seed_opt_runs/opt_seed_array_7514748[23].kman.restech.unsw.edu.au/seed_23/trip_summary_by_fps.csv
9500.0,392,20.59948979591837,8075.0,6334.922584329609,66.6833956245222,152,137,103,24,/home/z5247491/MaaS-Simulation/MaaS-Centralised/Total_system_travel_time_seed_opt_runs/opt_seed_array_7518300[24].kman.restech.unsw.edu.au/seed_24/trip_summary_by_fps.csv
9500.0,390,18.83589743589744,7346.0,7512.175831890347,79.07553507252997,142,145,103,25,/home/z5247491/MaaS-Simulation/MaaS-Centralised/Total_system_travel_time_seed_opt_runs/opt_seed_array_7518300[25].kman.restech.unsw.edu.au/seed_25/trip_summary_by_fps.csv
9500.0,379,19.522427440633244,7399.0,3360.6223228592617,35.37497181957118,153,133,93,26,/home/z5247491/MaaS-Simulation/MaaS-Centralised/Total_system_travel_time_seed_opt_runs/opt_seed_array_7518300[26].kman.restech.unsw.edu.au/seed_26/trip_summary_by_fps.csv
9500.0,396,17.411616161616163,6895.0,3157.051819134903,33.232124411946344,166,117,113,27,/home/z5247491/MaaS-Simulation/MaaS-Centralised/Total_system_travel_time_seed_opt_runs/opt_seed_array_7514748[27].kman.restech.unsw.edu.au/seed_27/trip_summary_by_fps.csv
9500.0,408,19.50980392156863,7960.0,6559.803900123195,69.05056736971784,140,174,94,28,/home/z5247491/MaaS-Simulation/MaaS-Centralised/Total_system_travel_time_seed_opt_runs/opt_seed_array_7514748[28].kman.restech.unsw.edu.au/seed_28/trip_summary_by_fps.csv
9500.0,408,19.227941176470587,7845.0,3499.163072703669,36.83329550214388,213,97,98,29,/home/z5247491/MaaS-Simulation/MaaS-Centralised/Total_system_travel_time_seed_opt_runs/opt_seed_array_7514748[29].kman.restech.unsw.edu.au/seed_29/trip_summary_by_fps.csv
10000.0,396,19.795454545454547,7839.0,4777.814630442243,47.77814630442243,170,137,89,0,/home/z5247491/MaaS-Simulation/MaaS-Centralised/Total_system_travel_time_seed_opt_runs/opt_seed_array_7514748[0].kman.restech.unsw.edu.au/seed_0/trip_summary_by_fps.csv
10000.0,392,18.964285714285715,7434.0,7444.3478624865,74.443478624865,157,137,98,1,/home/z5247491/MaaS-Simulation/MaaS-Centralised/Total_system_travel_time_seed_opt_runs/opt_seed_array_7514748[1].kman.restech.unsw.edu.au/seed_1/trip_summary_by_fps.csv
10000.0,352,21.681818181818183,7632.0,3314.638540317176,33.14638540317176,146,119,87,2,/home/z5247491/MaaS-Simulation/MaaS-Centralised/Total_system_travel_time_seed_opt_runs/opt_seed_array_7514748[2].kman.restech.unsw.edu.au/seed_2/trip_summary_by_fps.csv
10000.0,388,20.561855670103093,7978.0,2662.103633055778,26.62103633055778,136,132,120,3,/home/z5247491/MaaS-Simulation/MaaS-Centralised/Total_system_travel_time_seed_opt_runs/opt_seed_array_7514748[3].kman.restech.unsw.edu.au/seed_3/trip_summary_by_fps.csv
10000.0,379,18.86279683377309,7149.0,3676.956759297551,36.76956759297551,154,107,118,4,/home/z5247491/MaaS-Simulation/MaaS-Centralised/Total_system_travel_time_seed_opt_runs/opt_seed_array_7514748[4].kman.restech.unsw.edu.au/seed_4/trip_summary_by_fps.csv
10000.0,380,21.07894736842105,8010.0,3403.8543434716944,34.03854343471694,162,113,105,5,/home/z5247491/MaaS-Simulation/MaaS-Centralised/Total_system_travel_time_seed_opt_runs/opt_seed_array_7514748[5].kman.restech.unsw.edu.au/seed_5/trip_summary_by_fps.csv
10000.0,355,21.68169014084507,7697.0,3972.5215256917936,39.725215256917934,163,121,71,6,/home/z5247491/MaaS-Simulation/MaaS-Centralised/Total_system_travel_time_seed_opt_runs/opt_seed_array_7514748[6].kman.restech.unsw.edu.au/seed_6/trip_summary_by_fps.csv
10000.0,393,20.25699745547074,7961.0,7787.190987496365,77.87190987496365,158,156,79,7,/home/z5247491/MaaS-Simulation/MaaS-Centralised/Total_system_travel_time_seed_opt_runs/opt_seed_array_7514748[7].kman.restech.unsw.edu.au/seed_7/trip_summary_by_fps.csv
10000.0,413,18.89588377723971,7804.0,8062.286068005269,80.62286068005268,124,169,120,8,/home/z5247491/MaaS-Simulation/MaaS-Centralised/Total_system_travel_time_seed_opt_runs/opt_seed_array_7514748[8].kman.restech.unsw.edu.au/seed_8/trip_summary_by_fps.csv
10000.0,376,19.18882978723404,7215.0,5354.213718288944,53.54213718288944,166,113,97,9,/home/z5247491/MaaS-Simulation/MaaS-Centralised/Total_system_travel_time_seed_opt_runs/opt_seed_array_7514748[9].kman.restech.unsw.edu.au/seed_9/trip_summary_by_fps.csv
10000.0,386,17.440414507772022,6732.0,5871.107201883778,58.711072018837775,169,108,109,10,/home/z5247491/MaaS-Simulation/MaaS-Centralised/Total_system_travel_time_seed_opt_runs/opt_seed_array_7514748[10].kman.restech.unsw.edu.au/seed_10/trip_summary_by_fps.csv
10000.0,381,20.76115485564305,7910.0,4194.383520839158,41.94383520839158,166,99,116,11,/home/z5247491/MaaS-Simulation/MaaS-Centralised/Total_system_travel_time_seed_opt_runs/opt_seed_array_7514748[11].kman.restech.unsw.edu.au/seed_11/trip_summary_by_fps.csv
10000.0,365,20.0,7300.0,5726.647235679646,57.26647235679646,170,114,81,12,/home/z5247491/MaaS-Simulation/MaaS-Centralised/Total_system_travel_time_seed_opt_runs/opt_seed_array_7514748[12].kman.restech.unsw.edu.au/seed_12/trip_summary_by_fps.csv
10000.0,381,19.876640419947503,7573.0,6790.409556659545,67.90409556659546,150,136,95,13,/home/z5247491/MaaS-Simulation/MaaS-Centralised/Total_system_travel_time_seed_opt_runs/opt_seed_array_7514748[13].kman.restech.unsw.edu.au/seed_13/trip_summary_by_fps.csv
10000.0,391,18.815856777493607,7357.0,4292.619082797848,42.92619082797848,171,139,81,14,/home/z5247491/MaaS-Simulation/MaaS-Centralised/Total_system_travel_time_seed_opt_runs/opt_seed_array_7514748[14].kman.restech.unsw.edu.au/seed_14/trip_summary_by_fps.csv
10000.0,372,20.024193548387096,7449.0,3552.9132727753304,35.52913272775331,180,96,96,15,/home/z5247491/MaaS-Simulation/MaaS-Centralised/Total_system_travel_time_seed_opt_runs/opt_seed_array_7514748[15].kman.restech.unsw.edu.au/seed_15/trip_summary_by_fps.csv
10000.0,424,17.375,7367.0,5858.598543683784,58.58598543683784,199,104,121,16,/home/z5247491/MaaS-Simulation/MaaS-Centralised/Total_system_travel_time_seed_opt_runs/opt_seed_array_7514748[16].kman.restech.unsw.edu.au/seed_16/trip_summary_by_fps.csv
10000.0,381,20.20997375328084,7700.0,3023.881520605926,30.23881520605926,182,112,87,17,/home/z5247491/MaaS-Simulation/MaaS-Centralised/Total_system_travel_time_seed_opt_runs/opt_seed_array_7514748[17].kman.restech.unsw.edu.au/seed_17/trip_summary_by_fps.csv
10000.0,416,18.86778846153846,7849.0,7957.33426896617,79.57334268966171,169,144,103,18,/home/z5247491/MaaS-Simulation/MaaS-Centralised/Total_system_travel_time_seed_opt_runs/opt_seed_array_7514748[18].kman.restech.unsw.edu.au/seed_18/trip_summary_by_fps.csv
10000.0,378,19.35185185185185,7315.0,3681.674606032055,36.81674606032055,175,114,89,19,/home/z5247491/MaaS-Simulation/MaaS-Centralised/Total_system_travel_time_seed_opt_runs/opt_seed_array_7514748[19].kman.restech.unsw.edu.au/seed_19/trip_summary_by_fps.csv
10000.0,395,19.093670886075948,7542.0,5714.5965608660335,57.14596560866033,158,160,77,20,/home/z5247491/MaaS-Simulation/MaaS-Centralised/Total_system_travel_time_seed_opt_runs/opt_seed_array_7514748[20].kman.restech.unsw.edu.au/seed_20/trip_summary_by_fps.csv
10000.0,383,19.386422976501304,7425.0,6644.226238299655,66.44226238299655,182,111,90,21,/home/z5247491/MaaS-Simulation/MaaS-Centralised/Total_system_travel_time_seed_opt_runs/opt_seed_array_7514748[21].kman.restech.unsw.edu.au/seed_21/trip_summary_by_fps.csv
10000.0,381,19.430446194225723,7403.0,3372.634914813181,33.72634914813181,184,118,79,22,/home/z5247491/MaaS-Simulation/MaaS-Centralised/Total_system_travel_time_seed_opt_runs/opt_seed_array_7514748[22].kman.restech.unsw.edu.au/seed_22/trip_summary_by_fps.csv
10000.0,375,20.512,7692.0,3511.89850893509,35.1189850893509,180,114,81,23,/home/z5247491/MaaS-Simulation/MaaS-Centralised/Total_system_travel_time_seed_opt_runs/opt_seed_array_7514748[23].kman.restech.unsw.edu.au/seed_23/trip_summary_by_fps.csv
10000.0,411,17.708029197080293,7278.0,8964.981964634615,89.64981964634615,172,149,90,24,/home/z5247491/MaaS-Simulation/MaaS-Centralised/Total_system_travel_time_seed_opt_runs/opt_seed_array_7518300[24].kman.restech.unsw.edu.au/seed_24/trip_summary_by_fps.csv
10000.0,373,20.487935656836463,7642.0,3327.7965713462468,33.277965713462464,155,131,87,25,/home/z5247491/MaaS-Simulation/MaaS-Centralised/Total_system_travel_time_seed_opt_runs/opt_seed_array_7518300[25].kman.restech.unsw.edu.au/seed_25/trip_summary_by_fps.csv
10000.0,373,20.487935656836463,7642.0,5936.856634001779,59.36856634001779,132,122,119,26,/home/z5247491/MaaS-Simulation/MaaS-Centralised/Total_system_travel_time_seed_opt_runs/opt_seed_array_7518300[26].kman.restech.unsw.edu.au/seed_26/trip_summary_by_fps.csv
10000.0,411,17.394160583941606,7149.0,5826.283211762779,58.26283211762778,154,135,122,27,/home/z5247491/MaaS-Simulation/MaaS-Centralised/Total_system_travel_time_seed_opt_runs/opt_seed_array_7514748[27].kman.restech.unsw.edu.au/seed_27/trip_summary_by_fps.csv
10000.0,404,19.871287128712872,8028.0,5580.173572583357,55.80173572583357,162,139,103,28,/home/z5247491/MaaS-Simulation/MaaS-Centralised/Total_system_travel_time_seed_opt_runs/opt_seed_array_7514748[28].kman.restech.unsw.edu.au/seed_28/trip_summary_by_fps.csv
10000.0,388,19.373711340206185,7517.0,7631.579883354324,76.31579883354324,155,117,116,29,/home/z5247491/MaaS-Simulation/MaaS-Centralised/Total_system_travel_time_seed_opt_runs/opt_seed_array_7514748[29].kman.restech.unsw.edu.au/seed_29/trip_summary_by_fps.csv
15000.0,380,21.07894736842105,8010.0,3403.8543434716944,22.692362289811296,162,113,105,0,/home/z5247491/MaaS-Simulation/MaaS-Centralised/Total_system_travel_time_seed_opt_runs/opt_seed_array_7514748[0].kman.restech.unsw.edu.au/seed_0/trip_summary_by_fps.csv
15000.0,355,21.68169014084507,7697.0,3972.5215256917936,26.48347683794529,163,121,71,1,/home/z5247491/MaaS-Simulation/MaaS-Centralised/Total_system_travel_time_seed_opt_runs/opt_seed_array_7514748[1].kman.restech.unsw.edu.au/seed_1/trip_summary_by_fps.csv
15000.0,393,20.25699745547074,7961.0,7787.190987496365,51.91460658330909,158,156,79,2,/home/z5247491/MaaS-Simulation/MaaS-Centralised/Total_system_travel_time_seed_opt_runs/opt_seed_array_7514748[2].kman.restech.unsw.edu.au/seed_2/trip_summary_by_fps.csv
15000.0,413,18.89588377723971,7804.0,8062.286068005269,53.74857378670179,124,169,120,3,/home/z5247491/MaaS-Simulation/MaaS-Centralised/Total_system_travel_time_seed_opt_runs/opt_seed_array_7514748[3].kman.restech.unsw.edu.au/seed_3/trip_summary_by_fps.csv
15000.0,376,19.18882978723404,7215.0,5354.213718288944,35.69475812192629,166,113,97,4,/home/z5247491/MaaS-Simulation/MaaS-Centralised/Total_system_travel_time_seed_opt_runs/opt_seed_array_7514748[4].kman.restech.unsw.edu.au/seed_4/trip_summary_by_fps.csv
15000.0,386,17.440414507772022,6732.0,5871.107201883778,39.140714679225184,169,108,109,5,/home/z5247491/MaaS-Simulation/MaaS-Centralised/Total_system_travel_time_seed_opt_runs/opt_seed_array_7514748[5].kman.restech.unsw.edu.au/seed_5/trip_summary_by_fps.csv
15000.0,381,20.76115485564305,7910.0,4194.383520839158,27.962556805594392,166,99,116,6,/home/z5247491/MaaS-Simulation/MaaS-Centralised/Total_system_travel_time_seed_opt_runs/opt_seed_array_7514748[6].kman.restech.unsw.edu.au/seed_6/trip_summary_by_fps.csv
15000.0,365,20.0,7300.0,5726.647235679646,38.177648237864304,170,114,81,7,/home/z5247491/MaaS-Simulation/MaaS-Centralised/Total_system_travel_time_seed_opt_runs/opt_seed_array_7514748[7].kman.restech.unsw.edu.au/seed_7/trip_summary_by_fps.csv
15000.0,381,19.876640419947503,7573.0,6790.409556659545,45.26939704439697,150,136,95,8,/home/z5247491/MaaS-Simulation/MaaS-Centralised/Total_system_travel_time_seed_opt_runs/opt_seed_array_7514748[8].kman.restech.unsw.edu.au/seed_8/trip_summary_by_fps.csv
15000.0,391,18.815856777493607,7357.0,4292.619082797848,28.61746055198565,171,139,81,9,/home/z5247491/MaaS-Simulation/MaaS-Centralised/Total_system_travel_time_seed_opt_runs/opt_seed_array_7514748[9].kman.restech.unsw.edu.au/seed_9/trip_summary_by_fps.csv
15000.0,372,20.024193548387096,7449.0,3552.9132727753304,23.68608848516887,180,96,96,10,/home/z5247491/MaaS-Simulation/MaaS-Centralised/Total_system_travel_time_seed_opt_runs/opt_seed_array_7514748[10].kman.restech.unsw.edu.au/seed_10/trip_summary_by_fps.csv
15000.0,424,17.375,7367.0,5858.598543683784,39.05732362455856,199,104,121,11,/home/z5247491/MaaS-Simulation/MaaS-Centralised/Total_system_travel_time_seed_opt_runs/opt_seed_array_7514748[11].kman.restech.unsw.edu.au/seed_11/trip_summary_by_fps.csv
15000.0,381,20.20997375328084,7700.0,3023.881520605926,20.15921013737284,182,112,87,12,/home/z5247491/MaaS-Simulation/MaaS-Centralised/Total_system_travel_time_seed_opt_runs/opt_seed_array_7514748[12].kman.restech.unsw.edu.au/seed_12/trip_summary_by_fps.csv
15000.0,416,18.86778846153846,7849.0,7957.33426896617,53.04889512644113,169,144,103,13,/home/z5247491/MaaS-Simulation/MaaS-Centralised/Total_system_travel_time_seed_opt_runs/opt_seed_array_7514748[13].kman.restech.unsw.edu.au/seed_13/trip_summary_by_fps.csv
15000.0,378,19.35185185185185,7315.0,3681.674606032055,24.54449737354703,175,114,89,14,/home/z5247491/MaaS-Simulation/MaaS-Centralised/Total_system_travel_time_seed_opt_runs/opt_seed_array_7514748[14].kman.restech.unsw.edu.au/seed_14/trip_summary_by_fps.csv
15000.0,395,19.093670886075948,7542.0,5714.5965608660335,38.09731040577356,158,160,77,15,/home/z5247491/MaaS-Simulation/MaaS-Centralised/Total_system_travel_time_seed_opt_runs/opt_seed_array_7514748[15].kman.restech.unsw.edu.au/seed_15/trip_summary_by_fps.csv
15000.0,383,19.386422976501304,7425.0,6644.226238299655,44.29484158866437,182,111,90,16,/home/z5247491/MaaS-Simulation/MaaS-Centralised/Total_system_travel_time_seed_opt_runs/opt_seed_array_7514748[16].kman.restech.unsw.edu.au/seed_16/trip_summary_by_fps.csv
15000.0,381,19.430446194225723,7403.0,3372.634914813181,22.484232765421204,184,118,79,17,/home/z5247491/MaaS-Simulation/MaaS-Centralised/Total_system_travel_time_seed_opt_runs/opt_seed_array_7514748[17].kman.restech.unsw.edu.au/seed_17/trip_summary_by_fps.csv
15000.0,375,20.512,7692.0,3511.89850893509,23.412656726233934,180,114,81,18,/home/z5247491/MaaS-Simulation/MaaS-Centralised/Total_system_travel_time_seed_opt_runs/opt_seed_array_7514748[18].kman.restech.unsw.edu.au/seed_18/trip_summary_by_fps.csv
15000.0,411,17.708029197080293,7278.0,8964.981964634615,59.76654643089744,172,149,90,19,/home/z5247491/MaaS-Simulation/MaaS-Centralised/Total_system_travel_time_seed_opt_runs/opt_seed_array_7514748[19].kman.restech.unsw.edu.au/seed_19/trip_summary_by_fps.csv
15000.0,373,20.487935656836463,7642.0,3327.7965713462468,22.185310475641646,155,131,87,20,/home/z5247491/MaaS-Simulation/MaaS-Centralised/Total_system_travel_time_seed_opt_runs/opt_seed_array_7514748[20].kman.restech.unsw.edu.au/seed_20/trip_summary_by_fps.csv
15000.0,373,20.487935656836463,7642.0,5936.856634001779,39.57904422667852,132,122,119,21,/home/z5247491/MaaS-Simulation/MaaS-Centralised/Total_system_travel_time_seed_opt_runs/opt_seed_array_7514748[21].kman.restech.unsw.edu.au/seed_21/trip_summary_by_fps.csv
15000.0,411,17.394160583941606,7149.0,5826.283211762779,38.84188807841852,154,135,122,22,/home/z5247491/MaaS-Simulation/MaaS-Centralised/Total_system_travel_time_seed_opt_runs/opt_seed_array_7514748[22].kman.restech.unsw.edu.au/seed_22/trip_summary_by_fps.csv
15000.0,404,19.871287128712872,8028.0,5580.173572583357,37.20115715055572,162,139,103,23,/home/z5247491/MaaS-Simulation/MaaS-Centralised/Total_system_travel_time_seed_opt_runs/opt_seed_array_7514748[23].kman.restech.unsw.edu.au/seed_23/trip_summary_by_fps.csv
15000.0,388,19.373711340206185,7517.0,7631.579883354324,50.87719922236216,155,117,116,24,/home/z5247491/MaaS-Simulation/MaaS-Centralised/Total_system_travel_time_seed_opt_runs/opt_seed_array_7518300[24].kman.restech.unsw.edu.au/seed_24/trip_summary_by_fps.csv
15000.0,388,19.7680412371134,7670.0,3509.9510542219296,23.399673694812865,150,102,136,25,/home/z5247491/MaaS-Simulation/MaaS-Centralised/Total_system_travel_time_seed_opt_runs/opt_seed_array_7518300[25].kman.restech.unsw.edu.au/seed_25/trip_summary_by_fps.csv
15000.0,375,18.770666666666667,7039.0,3328.1591551473,22.187727700982,165,107,103,26,/home/z5247491/MaaS-Simulation/MaaS-Centralised/Total_system_travel_time_seed_opt_runs/opt_seed_array_7518300[26].kman.restech.unsw.edu.au/seed_26/trip_summary_by_fps.csv
15000.0,398,17.751256281407034,7065.0,3440.477794099404,22.93651862732936,192,96,110,27,/home/z5247491/MaaS-Simulation/MaaS-Centralised/Total_system_travel_time_seed_opt_runs/opt_seed_array_7514748[27].kman.restech.unsw.edu.au/seed_27/trip_summary_by_fps.csv
15000.0,396,19.13888888888889,7579.0,7085.754956715892,47.23836637810595,159,136,101,28,/home/z5247491/MaaS-Simulation/MaaS-Centralised/Total_system_travel_time_seed_opt_runs/opt_seed_array_7514748[28].kman.restech.unsw.edu.au/seed_28/trip_summary_by_fps.csv
15000.0,406,18.623152709359605,7561.0,8346.726500644098,55.644843337627314,201,122,83,29,/home/z5247491/MaaS-Simulation/MaaS-Centralised/Total_system_travel_time_seed_opt_runs/opt_seed_array_7514748[29].kman.restech.unsw.edu.au/seed_29/trip_summary_by_fps.csv
